node,betweenness,closeness,eigenvector
1847,0.007927028554307339,0.47493948777870115,0.06420205819819469
2678,0.000914824478324361,0.4461095786400986,0.03452216608320477
613,0.01071676359852003,0.4667716795073457,0.05099504984210278
350,0.000547450391118734,0.43144340390879476,0.02913910072682709
1353,0.010041775044540326,0.49307817589576547,0.0879324056467287
622,0.00310466420097786,0.47221642626316485,0.05948772477236863
451,0.001002943439769777,0.43704861556067487,0.03170868566283904
394,0.010125475226272553,0.4807710716664831,0.06617415007922216
577,2.6931501621877032e-05,0.4094755158647502,0.01610518209848698
440,0.0024019530994301586,0.4478662448976351,0.03707348493578448
65,0.001327737276308045,0.45236187197710004,0.043980370510750134
66,0.008634469241109279,0.4836919165733269,0.07606398822872237
2672,0.002555584449708738,0.4907480345262149,0.07369125675902363
2510,0.00021343034009750416,0.4143054092001887,0.01612288224645019
49,0.00348764614994642,0.4569486673118592,0.04703267079817317
1,0.003418698382701119,0.4717500857276492,0.05748723452398111
441,1.5966401363218878e-05,0.3718042783373425,0.006192539716695714
1042,9.196572778451945e-05,0.3897634928262219,0.011006481612409238
605,0.0007144264966216897,0.41947149350879664,0.021394026753926494
1465,0.014398272674614396,0.4838879019528136,0.07097789842966039
1409,0.034294683844027875,0.5172088965004521,0.11025184724480609
972,0.001851760973140235,0.4343463691651369,0.024987199502912685
2384,0.015301815397220163,0.5008326030696347,0.08670108190680416
2906,0.00041379789298869084,0.4164726563276526,0.018051380170212315
290,0.05150338940981393,0.5394016901623956,0.14181494088934815
1851,0.0004995774053548988,0.435852314605673,0.03698968913590978
2757,0.0007415882335829551,0.44124712433753704,0.035203946121754634
382,0.0006074214109309592,0.4521049941395207,0.0425089971665723
1149,0.026676445487490548,0.5086181184069608,0.0996975617294197
1238,0.00012845976743882376,0.40048133535195973,0.014885357821248536
930,0.00028123186295096677,0.39655830716239215,0.014055833722362786
2926,0.012826326010793837,0.4737149313841904,0.06105114531476482
848,0.00010386148445313177,0.3551629269946599,0.0036729259162047207
1228,2.125164754434071e-05,0.37366562641412515,0.00568720574715389
1784,0.0007343745121096021,0.4330077382231849,0.030063047652466007
2821,0.003083794748703338,0.45056983286909785,0.03987847456817165
431,0.0038441686217420192,0.48009460985710306,0.0626221722798406
1131,0.014302759886708157,0.4865493346993457,0.06724077025693612
2912,5.567354753947005e-05,0.39103973216095084,0.010660032574023837
942,0.0003699865572593618,0.46020629750271447,0.045437830314135015
344,0.003990526658264412,0.47446775606656494,0.06635229226390663
1017,0.00011332561729130705,0.3722098619353417,0.008257313734235106
2146,1.547138575542622e-05,0.3849267822786604,0.009597126682923762
2841,0.02829990597797642,0.5164260938462892,0.108423072735776
2653,0.00039251651763531377,0.39219551462053986,0.011662541238415904
2907,3.375102283529656e-05,0.3864214017212568,0.007678501363933848
1946,0.03096388539149992,0.513318436286071,0.10511987074955473
360,0.0021325952505263225,0.4487076242793703,0.04511954122183967
2106,0.0003500880702458852,0.4136596266087787,0.023965788845138235
2865,7.485361073433524e-05,0.4066174130131236,0.015255739260623699
1618,0.00011235644250407675,0.37250010668108047,0.0054774978739807285
2733,3.3527642968448124e-06,0.3684205898564072,0.005799348412338958
2599,3.8234149471204496e-06,0.3906559836504887,0.011605890736133414
83,0.004679042706110128,0.46207596905379916,0.05835213665186491
2623,8.069508024848405e-05,0.41466504931234166,0.018371487294366044
2689,1.5656517878957604e-05,0.37966470895550597,0.00769038505750414
943,0.004628863805882215,0.46823577416959183,0.05043671738226034
1176,0.0025238864033322174,0.4600290223495932,0.045283106079334695
2938,0.0021669057450608106,0.4727772533727411,0.061996791043536566
2530,0.012811434540748195,0.4885397185598462,0.07232175284209906
2264,0.001439121762901668,0.44862334410952065,0.038013439984013735
310,1.9441591015510467e-05,0.3736071772312041,0.008531709532436281
2149,0.0010891061478901039,0.4192506027802506,0.019281957117307916
2837,0.0012863774947502948,0.45486015692993487,0.04636230085166829
2164,2.224332130725061e-05,0.381849829582588,0.006937045641081802
1106,0.004122474297395514,0.4751284432144595,0.06208104043446755
2349,0.00679134249005086,0.4775986170844007,0.06504893893735401
1441,0.009889919379977954,0.4945073879998112,0.07882258555853064
1073,0.0002127978673605142,0.4105312279200907,0.017869667185218298
2290,0.008032647819775189,0.47109875424834086,0.05581351724462577
2042,6.12352069432153e-05,0.4025738553917222,0.01220392871513744
434,3.8871760508022816e-05,0.39316389860725726,0.011650973904596703
135,0.00014776404925946127,0.38227763829050704,0.008976802938415443
2944,1.3712464229913288e-05,0.3609597527639547,0.0034408712972465484
271,6.850178848505385e-05,0.3936174495779644,0.009911132596488896
2000,0.009120956539703238,0.46604306030030984,0.055318788555379125
2344,0.00010845933649817839,0.3795440464069741,0.008501333659291777
1437,5.9286125935003624e-05,0.3919380840234801,0.009950975857172849
2807,0.0040634741720846105,0.482909560056427,0.06736045256311468
2805,5.793520127101089e-06,0.3697323040308185,0.00514325124027107
343,7.187806643020004e-05,0.42613214701857055,0.02656335952428992
1708,0.00010096297938818596,0.3971517599000811,0.011301235593011856
1947,1.4803665660886975e-05,0.4135163926660471,0.017751015133277676
1532,0.007346368814750278,0.4977017470387764,0.08195672735105942
1650,0.0020499898638070882,0.4365693079947154,0.02810582504477278
454,0.01716322926205602,0.49759805917481004,0.08230831512979533
2874,0.013194795790697602,0.4746563362557806,0.07298593138022555
78,0.01112559125579057,0.4847718051632003,0.07676235674254656
1547,4.1221566526354824e-05,0.3961636563342325,0.014276783787905749
2361,0.0002788447667878427,0.42857898511377857,0.024943161001734656
532,0.0003417621954907453,0.41661794593390683,0.02055530580273186
1450,0.005324445946070518,0.4944050267106371,0.07907107042972931
1335,0.0012434649415715606,0.43285079449784125,0.025732242444504585
1384,0.012968211424335997,0.48546152114615604,0.072780815278209
2043,6.786962586086984e-05,0.4013561895545434,0.014468660627057308
3304,3.5729481517350166e-05,0.3943322905793442,0.013006580965827208
1004,0.0036893982984217864,0.4346625448660761,0.026062706978182908
2467,0.00028720037780539926,0.4158925098448699,0.020002776915570307
2891,3.58631539319051e-07,0.3662175228517461,0.004084825083889613
766,0.0055787949977781975,0.48565894348090444,0.06769984343982263
385,0.0002699660374982278,0.40427736696667027,0.014456142332968193
284,0.0019396687777201566,0.42303766986168756,0.02755853491517768
2,0.00011947673412221237,0.4106018023103125,0.018750976908738833
2083,0.004975818007006075,0.4634207768799161,0.055364338824214564
2878,1.2363535504911095e-05,0.3684774273432718,0.005179337012618337
2797,3.553156791670353e-05,0.36030633338951396,0.0043457426781828255
469,0.00010609684484477335,0.40856494766320356,0.017154880026741606
1849,0.0002845805888132892,0.41778392234372713,0.02229506029272299
404,0.0002147329901990668,0.4059263569067111,0.0175867878984698
121,0.020687419776642325,0.48605427025622466,0.07341088504222779
297,0.035347354568901444,0.5226412875359054,0.11414839580183028
1095,9.784161391755437e-05,0.41947149350879664,0.021176183318572652
1028,5.363710786375548e-05,0.38511297711046244,0.008907419355786452
582,0.0009246988398591834,0.4240892549785312,0.027411099272398303
370,0.00041587502454810754,0.4164726563276526,0.02307504862886036
1040,0.0001608235544996972,0.4055817089555252,0.018157405060304974
1060,0.00019441265943732683,0.37732554250222555,0.007726247729357056
321,0.0011762733062213211,0.43752897674282615,0.030878975017443747
2363,0.0005695641399348285,0.42965833495936107,0.0244733155457681
437,0.0012405888499101066,0.42934939493781915,0.03073269172330997
2665,3.364300848706799e-05,0.38554813301680196,0.01051351721817746
1148,9.854017110408967e-05,0.41173430167886366,0.019722788353593035
303,0.00029990117869806095,0.41991397398718144,0.028267181782720675
239,1.449588960436395e-05,0.3936174495779644,0.011718447502292305
439,4.408865041884276e-05,0.388621979179806,0.009214607671211532
2968,0.0001828043410071927,0.3915525711539488,0.010490370360183469
405,6.300054524407851e-05,0.3559568828672262,0.0038689755550172164
1059,0.0002689816760028324,0.3806934466112668,0.009371071929520726
935,0.00287637055956682,0.45923297135917857,0.04532142804447127
1878,0.0004772071992638506,0.3864839294561631,0.009549456416758036
492,6.215665120243359e-05,0.3770277322871488,0.008176640374748006
1049,3.248063998146855e-05,0.3798458466983282,0.008544597389372794
806,0.0005605809709841289,0.4115214824326478,0.016267629219789116
2562,5.8782553877185714e-05,0.40243819444635015,0.013673423832602345
1358,0.0017694035390853197,0.48734353887759396,0.06757983907444581
1657,0.00011625205712461837,0.4584396706408998,0.04516062753686076
45,0.00525010313188511,0.48115847784832555,0.0690554306557627
828,0.003417683380932418,0.4733394141972033,0.06024670143475495
1021,0.0006563360522331477,0.3932933779086264,0.012555705127338076
1832,0.00033304066235678617,0.4174918168220744,0.020413397101620514
1977,1.2355867940108839e-05,0.4025738553917222,0.014831611581387105
4158,0.00024508128014979835,0.37625562130420415,0.006440963469763202
2024,0.0013153579482468969,0.42598014696612946,0.027130966052011343
2888,4.632545465685685e-05,0.38667163413292666,0.00957054685588849
1229,2.7187175307972053e-05,0.42296275616063184,0.02490272608330855
35357,0.0012938850526261914,0.43545500164796497,0.028104513813696986
695,4.948848437448411e-06,0.3740167059253191,0.006937639040811536
1302,8.028210270892273e-05,0.3904643917016655,0.008873363870511807
2868,0.00028008589464817576,0.37708725671599114,0.008200904231862654
2612,0.0002558002381515359,0.4271991922802876,0.024579817762895126
1916,0.0014487056209668155,0.4638707873449384,0.05115071752213689
1969,2.6020997937871677e-05,0.36548901056451233,0.00496024510984553
3005,0.00025450364065150233,0.4360910505822691,0.027498071792206823
1612,1.5073681181575315e-05,0.3897634928262219,0.010933383388462684
2089,0.00020945834405339638,0.37876160546132065,0.007537642094321302
23571,0.0002711261173594438,0.384678802389932,0.011951348461129243
381,0.00023238280958225955,0.39342294252002763,0.013304000668599922
763,0.014287693121710429,0.4618079435497076,0.045625053973945444
802,0.0018676985740742574,0.42827159477121896,0.02665882259358012
2191,0.0013915376431766157,0.4502301006671231,0.03835937929546102
1464,0.0025305799790950284,0.46814399922365507,0.05537712356087898
93,5.113591695614405e-05,0.37990626436123553,0.007945462386235473
22,0.0016708173255713334,0.4499756375356232,0.0406637363862988
1119,0.0010120613831995627,0.41991397398718144,0.02218341908670169
1044,0.0018966431806118002,0.4267412335249398,0.025766627212695944
2260,2.987891332330801e-05,0.39459287692699285,0.012468771564233466
955,0.001077392589989197,0.446276286255435,0.03330953232040011
1557,0.0002823937642480538,0.40821580653547906,0.015002955663132483
2604,1.9468932493308157e-05,0.388621979179806,0.010875725860038146
1355,0.003014179846949,0.4761703915548421,0.05952738925453986
2348,0.00011920675934749272,0.39187377916966165,0.013345865333469728
425,0.0002697051102954238,0.39734997239046543,0.01361911512929897
3032,0.00031063408106227967,0.41344481288542284,0.017979062321189992
932,6.879170097607185e-05,0.38604665977680425,0.009685173839543149
450,0.007906890178852271,0.4907480345262149,0.07542819931171078
987,1.8461837032258004e-05,0.39550764763025137,0.010866670882600628
3040,0.0008823664024867726,0.46841943205316494,0.055665520606990725
397,5.274098140993112e-05,0.3622737272924447,0.0057919650202886966
1114,0.0008506554830666816,0.4249947836368484,0.028368272482980607
317,0.0069589446597612455,0.47922766533689565,0.063136703742274
143,0.002312780940055186,0.4492139710436502,0.036665547368681384
586,0.005696754981235437,0.46832758510570355,0.05126560274638119
717,0.00015463242094404826,0.4101082905286896,0.020133715423892508
750,0.0007038717659159088,0.459851883719501,0.04364233526705689
2008,4.720122919491719e-06,0.3849267822786604,0.00958583633633078
2051,0.004805908953519261,0.49145487325907156,0.07766457609898815
353,0.00178173321673493,0.4268174917868277,0.019687632476719976
1622,0.00020756720857670045,0.4091248174099157,0.019880427078400955
1098,0.00016137581372749544,0.4080763171090189,0.016015215986560284
3049,6.758398479556674e-05,0.38191088647890753,0.01005455608448891
675,7.988733619100645e-05,0.40544401358667254,0.014152975030605598
3052,6.315163727457873e-06,0.35846775987379376,0.004502537348072429
184,0.0008564691984416312,0.44092130035796345,0.03966291854200414
1266,0.0013771684160085338,0.4349791812127277,0.0278660012723509
2039,0.0009427372485760233,0.44002776050830655,0.03269291180868402
391,0.00472538924468954,0.46805226024673485,0.05149118491191961
2536,6.548327570309109e-06,0.35879084933740246,0.004703546582663342
1459,0.00922960039220544,0.5159798410108205,0.11265769413609131
3063,1.2830915695058352e-06,0.389509243972454,0.01111936101113102
2356,0.001272187076214977,0.43035507820524105,0.029401262527537178
136,0.0006038411118875304,0.4245415364449143,0.02061742967606425
102,0.00026402340578695905,0.4143054092001887,0.017436398710493684
3065,2.0390302999245536e-05,0.3925177788067523,0.011245287136002634
2720,0.00013098010864928827,0.4182228478443509,0.02012591481063486
913,6.612858790405839e-05,0.4223644003605814,0.023108904982094274
1407,0.0005743298857850203,0.41401814595928027,0.017860253310389658
3028,4.644328191873039e-06,0.3627689374299951,0.005805425286330442
3077,0.000569087988139671,0.423637936154503,0.021223384642672354
2013,5.913359507452742e-05,0.3705928136600602,0.004335899614620475
1826,0.0016904131710747982,0.4642314254692105,0.05101249016920194
630,0.000341773477037075,0.4139463923811244,0.016951474755791642
3324,0.00950174793772458,0.4667716795073457,0.05058799209657225
960,3.9290333448663746e-05,0.41109650327695146,0.015633433388773287
3092,9.198716390155376e-06,0.37244202152488504,0.006723799586892938
3106,0.008048419590586829,0.5052825648485483,0.09599214018410722
3108,7.654391026627939e-05,0.41495321126460877,0.021975946192670386
2954,0.009203593855949559,0.46832758510570355,0.051366178796181494
2123,9.927303919128924e-06,0.39368232801039854,0.011298849251311761
19475,0.0013387685396166937,0.4640510363394381,0.054897212912963615
1610,0.0010757940946160916,0.421395674671681,0.02633149145597029
2833,4.049822305200844e-05,0.4027096078298918,0.01412787911287306
380,7.565380090760555e-05,0.38136207632749286,0.007014770479562659
3121,0.0001964144075087738,0.43363665287565145,0.026037692477362675
2870,0.0,0.32953451942497863,0.0011369264915731976
709,7.082839520706349e-06,0.36588092586383086,0.006397653294160886
318,0.0003056772510855256,0.3975483828294088,0.015991863665660536
2389,0.0008937995878365268,0.45356450513465396,0.04011916594738686
3132,0.00042095234400297014,0.41130888307888547,0.01665694739016082
3124,4.651025851307907e-05,0.42124703422206133,0.02160235961376278
1234,0.00022076049250100693,0.4090547497926165,0.01744169183103918
3139,1.5888913224280377e-05,0.3684205898564072,0.00433405785782024
1018,2.1861404710366134e-05,0.3766115868872734,0.006738687584456902
3143,4.073144476370167e-05,0.38093631324387367,0.007878277704703134
2047,2.968944233700171e-05,0.3895727750838506,0.008922710949834016
3154,0.000198222284708415,0.40048133535195973,0.01537184252625687
3161,5.621833765518579e-06,0.3568610016493483,0.0034203865776247415
3156,6.475614279096184e-06,0.3954421662316371,0.01343128898071742
2284,0.0007721026833816749,0.3922599251172751,0.01238080508181539
1079,0.0004980062911424687,0.43175536587836005,0.02560607347202203
3000,2.5681752654108163e-06,0.3571811999460278,0.0035987590962085246
683,0.0002034078786281715,0.45382304465876644,0.03773590264539222
36108,0.0004659425684583019,0.4395418998967773,0.02973067896600173
3035,3.477578602988236e-05,0.36717458632422567,0.004248330359494977
1508,0.0007613225271987179,0.4153862059198414,0.01846534649219356
1245,7.931885555860431e-05,0.4081460499041504,0.015373473498234974
3195,1.535032414941651e-05,0.3559568828672262,0.003917756172250319
3199,0.0003818987861744955,0.43978469601161624,0.025836612709251215
1392,5.674507011472911e-05,0.3689897549882725,0.0052135301293912105
2734,8.436295599954742e-05,0.3971517599000811,0.012794701942875802
3206,0.001285440467926497,0.41473705227280566,0.016273882648889702
2823,0.0004867031515628076,0.4150974424815933,0.019022026488874962
2618,0.00019993257809889907,0.389191898979809,0.010144605662103182
1233,0.0007822201373870535,0.4315993285217,0.02597379173169731
3208,0.0,0.3686111648278789,0.005274496057265424
3214,6.502532317819019e-05,0.35846775987379376,0.0033140748767101972
1074,1.6064774822809344e-05,0.39322862759945476,0.009035711543002586
3183,8.219548140742975e-06,0.3506784149227849,0.0030325097786378877
2368,0.00048002162925599623,0.3827064066718615,0.008060998625179436
2097,0.00011932265230539199,0.42514608117463293,0.022675419067561958
447,0.00032711963759294465,0.4129444474479751,0.017767951512826004
2701,0.0003343522703719562,0.42423990835507774,0.023529230812308642
2554,0.004013497123748678,0.45416822286348885,0.04069168000007388
2508,0.00012626541957657108,0.4205794477969868,0.022582585448541338
2621,7.342607820893322e-05,0.3612327108347078,0.004143205760615584
1046,7.510135087308282e-06,0.38142297732978087,0.007058420423933461
333,2.302819215487367e-05,0.3772659428272134,0.0062287365959442795
3238,1.8487979016138464e-05,0.41230289729658,0.02086127618637652
142,2.258059190684263e-05,0.36145137470325184,0.004252872959114945
2436,6.965899476055765e-05,0.36161554641015714,0.00565867151221958
3272,0.008179697231919619,0.47221642626316485,0.05655447192964053
2669,0.0005660701095443199,0.41280170826807605,0.016772852436773355
703,0.001528207507574195,0.43648952559193854,0.030345906351381177
250,0.001090559222129553,0.4163274680214551,0.017646705228216455
2035,0.0004097140473751162,0.3972838795806866,0.012133469724108071
926,1.270137510056281e-06,0.35927657702152344,0.00407750428261022
1306,0.0014217730524343658,0.4253732295706301,0.02422025270364704
1202,1.1887675838467347e-05,0.3733152053827896,0.007002231136460674
25,0.00011369953300307337,0.40420894974430327,0.015683601605754157
1047,0.0007395498375036158,0.46118375826203667,0.04814576238200437
3282,9.108824116151872e-07,0.38849555693544047,0.010571946695328873
3280,9.648024620142897e-05,0.4026417201684234,0.014383044941982136
2784,0.002057148801877099,0.4542545994749121,0.04422205567077051
1888,6.670368045770855e-05,0.37255820995774264,0.006026245326554438
429,0.00032395025745683996,0.43027755071862506,0.028134894718887332
1345,0.00807551136695891,0.4729644918889283,0.05596188355809053
2192,0.00019272365865384263,0.4281948160701126,0.02333063472796625
362,0.0002651518627441602,0.41683607051292987,0.021428742161932367
3,0.0005932546209420858,0.42750504457474275,0.02343853195288143
348,0.0008693727787869071,0.44354144550400887,0.039614004097340165
1985,0.0003841788402053169,0.4323806451917248,0.029763505831511678
1463,0.0035024326205086195,0.44387115481120387,0.030857774704892284
1573,0.0029695001365150184,0.4568612632056404,0.04438185907821511
3118,1.204354412802658e-05,0.37990626436123553,0.006716771619576362
1593,0.00033238051249308336,0.4335579386529475,0.027858450636532504
3293,2.7297315698214737e-06,0.34630573931261244,0.003114152739106612
2029,3.782799936589809e-05,0.40048133535195973,0.01183559018428284
3315,6.55287641315229e-06,0.38142297732978087,0.007475250966015701
3314,7.583022295086696e-06,0.3617250770920927,0.00411871353922861
986,1.8556660658668905e-05,0.35916852391565235,0.0038475455113723693
2308,1.8949227732902104e-05,0.3533240656862556,0.003450823834075952
98,7.295855906351555e-06,0.3489875341962431,0.0022666678273195
3329,0.0001661035448224467,0.39478854281637815,0.012255918824701504
3333,2.165079815716957e-05,0.39596662533804505,0.010911038491980307
1107,0.0005655701949913582,0.4571235758926484,0.04119075343432001
3338,5.586289337458372e-06,0.39655830716239215,0.012492045369445414
3041,0.0008586628502294415,0.4256006208195096,0.02108346062856701
1528,0.00021987741537449906,0.3912959836237038,0.013054304592917518
947,0.00012469157068880515,0.3763149021646585,0.008017344353020156
4177,0.011319001553211604,0.47184328013415405,0.057947230029428226
1703,0.000864684196128122,0.4315213521299165,0.02566898553955195
3402,0.00369908152474956,0.4499756375356232,0.03581335547560798
3248,0.0001705687165610522,0.39887619973932664,0.01249164145685768
3350,1.1265336508497996e-06,0.37804221019928586,0.0064593052952811635
3370,0.0004165103053894846,0.3491405765296138,0.0023999995340296034
2631,0.00046662132616434165,0.434030653105413,0.025096898174284964
3375,5.656107204169859e-05,0.40765842021489807,0.015052839628516198
3376,4.063871543482086e-05,0.40182884993928125,0.013371927658303544
3096,3.526422964888463e-06,0.3703055324091609,0.00573920640023949
2642,0.00026865751295466345,0.38381338326194564,0.007730815193222295
238,0.0019890981084566455,0.45442745130119633,0.035115945934380784
3396,8.821347355482518e-06,0.35654137692776355,0.003783045516609744
493,2.0903008614426836e-05,0.385734929592876,0.009273105909809317
1877,8.933762074290494e-05,0.39841045605322567,0.01218702949873318
302,0.0004552849670741793,0.4278879763595643,0.024337586681087382
3400,0.00014219055173975,0.4243152751890368,0.021185327540060667
908,2.6415850286308207e-05,0.36711815002137843,0.004940287411691328
1481,0.00021930310686933804,0.4138029598127318,0.015592389881763587
412,1.7773804965487473e-05,0.3700760278957372,0.005260998689035218
2559,7.835206391326976e-06,0.36526543569950876,0.004848055395100423
767,0.00024404950130664106,0.3954421662316371,0.011232248641582792
386,4.284334635726323e-05,0.3751917505559359,0.006844920601659256
259,0.00040153606100214753,0.4136596266087787,0.020153772419788288
416,6.997705538077291e-05,0.4249191752426771,0.023953565277912255
35575,0.0011787619172230303,0.42873284581566823,0.030450525084344655
3454,1.457499430339176e-05,0.37082295979492125,0.005877392182032414
3448,7.204143162928629e-05,0.4032535343641884,0.014793408878274739
307,3.092766530483005e-05,0.39947661549407726,0.012766831062266237
2594,1.6255177812888365e-05,0.3864839294561631,0.009752579396472193
3384,0.00044572371995544886,0.4048941657974382,0.01537009198494339
3473,0.00042098437990936797,0.41763781850657244,0.022630078696580323
3160,8.282189325120477e-05,0.3385500615221953,0.0017007508991399097
3485,0.0009547348315049082,0.4200616749980809,0.024516276774662133
3168,1.7699761870839836e-06,0.3760186845149697,0.0072284606891879115
733,0.0010369091121015493,0.4268174917868277,0.030275565323217332
3494,5.662792438715752e-07,0.3438132552237063,0.0024078674326095243
1048,2.031933609685125e-05,0.3685911549443037,0.007207856665020908
2615,8.079696383913224e-06,0.38449302705072247,0.0085405620558796
556,0.0001385532528913669,0.36740050515906597,0.0060117504151338645
3502,0.0005641685732596387,0.4129444474479751,0.02047937240900126
3503,0.0044709907463625,0.47017139449588347,0.057052319190231876
1310,0.0026007325492569014,0.44059595721067846,0.03752263016154686
473,3.19905688991447e-05,0.3896363269231791,0.011228403218271022
3509,0.0005073800917972396,0.41954517548552395,0.022913791425147715
3513,1.6850776844889637e-06,0.38215530944625403,0.009544900057490993
2819,0.00013296827688971495,0.39309919092150886,0.010348599332814418
435,1.7713258994071604e-06,0.3616703034583719,0.004415964250464073
2578,1.3830882024721008e-05,0.3834436802117656,0.007247955230514923
3528,0.00011148411025597859,0.3733735632388757,0.006755313753601634
1246,2.5048632039545722e-05,0.39020922791032314,0.010723400963028594
509,8.719387060107553e-06,0.34322038856719184,0.0022276206914627517
3532,1.761611574940057e-05,0.3796043680926713,0.007844279006152975
3186,4.729649106030872e-06,0.39123188927749186,0.012044094513414304
1867,3.984341037689614e-05,0.40696382416750515,0.01525339936908934
813,6.24549960896792e-05,0.3827064066718615,0.0089778590187035
3545,0.0013589393083268094,0.4332433673207125,0.02974417122291669
634,1.7207834336361918e-05,0.37128411068538597,0.006597494784162231
1096,0.00042138263407835177,0.39721780875421386,0.011681419854272821
3556,7.463261696046102e-05,0.3746620680845628,0.006285662628663659
3554,8.02239218535008e-06,0.3715151165094242,0.0067819451654338924
1902,4.857603006031155e-05,0.39550764763025137,0.011959434474209236
1645,0.0004364021846349038,0.3649305857966521,0.005102920552158717
3557,4.2391467662444436e-05,0.3801481273339309,0.009491730202183656
1631,0.0001847777685999796,0.4027096078298918,0.0157382772079296
2627,0.0002074264726637377,0.3948538079085945,0.012990665942850154
3233,0.00016613233477915295,0.38982710691024774,0.012656252779347583
3589,2.336878789613928e-05,0.3984769242641121,0.011872813127185753
2811,6.862624720908562e-05,0.43043263363472484,0.026808203860498838
346,0.0002986648439787122,0.4089146865329717,0.017129409227455247
934,0.00044914699836751815,0.44247326492017186,0.03216693048743587
379,3.326322891209503e-05,0.39232435677383176,0.012014418456547814
3603,3.461558372226313e-05,0.37116871546838975,0.0060083621261774085
2622,0.0015207874311423321,0.4130158540617479,0.016961512556167225
927,5.495637983676699e-05,0.3533763402928078,0.0031567863509953517
2625,6.0030456087645494e-05,0.42666500250787565,0.029052831605352755
3611,0.0,0.36268296220737295,0.004195727974265466
3615,4.560631023624982e-06,0.3796043680926713,0.007385046676825712
422,3.933629119789315e-05,0.3683637699011548,0.005149051265987345
1648,0.0003300147645787497,0.4348999788854858,0.026668118443704866
299,0.00042737392961312356,0.41661794593390683,0.02061724174784509
3709,6.568818498991949e-05,0.42124703422206133,0.02029226518910449
3609,9.507645766775976e-05,0.41939783740809267,0.019070266606499377
788,2.0891613751556566e-05,0.3938770916951002,0.012524301608237502
3621,0.0010942849322520436,0.47845967228347114,0.057581901832176464
3602,2.7417942226706327e-05,0.3805114997672595,0.008110475862947965
3634,0.0007816029897777136,0.44018995282696055,0.03439049208656885
3637,1.236567526367694e-05,0.37870155129841254,0.0088571093991552
4696,5.130109456414712e-05,0.38039029846139316,0.008968940662390084
3261,1.2209187823667546e-05,0.3794837438892736,0.008822257040112635
2011,0.00025567377794775194,0.4399467091617402,0.02886284905569667
1446,0.001112655897524925,0.42109849859645415,0.020216627445034777
1797,8.161339317307344e-05,0.3938770916951002,0.013088632610099477
2391,0.0001687300053716719,0.43395179579198545,0.027288696870166714
3659,0.0004659557071267875,0.3864839294561631,0.01076055093758537
3639,2.52748144198337e-05,0.3968218448312158,0.013720000833201948
359,5.462024767016607e-05,0.3870475909964492,0.009141280329138636
2060,0.0003325777232212544,0.4075193113869797,0.01576414034679195
2052,3.012091492867738e-05,0.39161677062454303,0.009395132847062383
3824,7.871745273982439e-06,0.36205406761241293,0.004216357585655918
3684,0.019817329599442806,0.49780547812402837,0.08868732963928885
3377,9.830128310290208e-06,0.3746620680845628,0.006975639376025755
3696,0.0002530044649372609,0.37996670124707094,0.00897413211806269
3623,0.0002525263584351753,0.4270464301875716,0.024942206243501675
406,0.003139062594382352,0.4456102022460985,0.03657081116490036
3701,0.0002992446968571796,0.4014236443763173,0.015692591186240206
3681,0.0,0.34960050995888287,0.001897310276176065
3578,8.704083741963662e-06,0.36145137470325184,0.003881292432279542
658,0.00013401643876351536,0.4114505915657344,0.017504727009042646
4402,2.0839265465095986e-05,0.3699040861141533,0.00494954485299859
3692,6.114324990468402e-07,0.3582526899713646,0.00361668908783945
7,0.00017584108994808157,0.40654820153856813,0.017203615207605542
2785,9.170188014285024e-06,0.3743097765301815,0.005375723873453283
3651,0.0001378457291695589,0.37372409388813765,0.00671157387660421
3676,0.00010886805924011465,0.4150253143421525,0.01819100888474572
14672,3.7930361260019584e-05,0.36694894515887044,0.005138460258903571
1587,0.004439401375060761,0.4920623576512336,0.08380606477328366
27,0.00022940244633507366,0.4319115161011009,0.026757742360220518
2480,0.00021896298213720797,0.4018964637454296,0.01403535801959174
3757,0.00011452637880644271,0.42117275331318776,0.02151486299601736
1626,1.859140580328803e-05,0.3736071772312041,0.0059954097503821255
3237,2.667058138789715e-05,0.3609597527639547,0.0037944513703897964
2215,1.3454896358807749e-05,0.38736144729793837,0.009029150561764072
1121,0.0002338393283609269,0.42857898511377857,0.022604334959556455
3775,7.869654120598902e-06,0.3442592510866371,0.0017820882812167695
396,0.0002830362601099431,0.396360883511299,0.013276835156894711
460,0.0002682469085097934,0.3925177788067523,0.012167942404762922
965,9.984278772173182e-06,0.3653213037685971,0.0037535167298506813
3568,0.0010863129596292978,0.4081460499041504,0.013676292275856755
3787,8.493892490936412e-06,0.39504973272231025,0.011052400797265032
1015,5.607510465560952e-06,0.35321956285700795,0.0032127428457488804
3753,0.00013928260112905903,0.39642666955005607,0.01402988820105567
3725,6.298282158046071e-06,0.380572129388,0.0074262198121989266
2330,3.981020772584707e-05,0.422215075842158,0.026823846083035646
3777,1.2873779347932894e-05,0.3715151165094242,0.00579497183696522
1536,5.844048309753671e-05,0.3695035092882253,0.0054225058049429745
3710,0.0009642148567255412,0.4204313825099609,0.024262072513121014
3803,8.293965821859188e-05,0.3874242796494871,0.009732861416662672
484,3.670547626740962e-05,0.3687049527692325,0.006289142404437486
377,6.744303899543256e-06,0.3648748371584308,0.006102517623787062
402,0.002003462098231524,0.44092130035796345,0.03709720344863414
1799,1.6672765787819122e-05,0.36271384723448563,0.0037359720168740926
1378,3.3400124196166633e-06,0.3700186962105481,0.006206824349972356
3811,0.0014804327054407946,0.4471954098556615,0.0390759691673603
462,1.0906360711968946e-06,0.3810578628013861,0.008850517463210696
3837,8.440643720877569e-06,0.33335250300615327,0.0013242113352501844
92,2.9071652077268246e-06,0.3617250770920927,0.005265571332128039
2275,2.702992422429459e-05,0.3709957570734837,0.006385290419567041
3840,3.162916636517648e-05,0.3897634928262219,0.009465188890061082
3847,0.0004647680234030117,0.4133732578814621,0.0182961583418525
3859,0.000226436349798532,0.4040721847469274,0.014885107034084568
1724,9.878552615654462e-06,0.38811678323677085,0.008673463108926043
3874,0.0004063266894991026,0.3929698394272932,0.013678847161345091
32,2.687706693642977e-05,0.3679665204189012,0.006374180121398305
1184,3.6128308722370715e-06,0.3457542970525605,0.002305918167019983
3882,1.2294926682358279e-06,0.36210895755595635,0.0031639643391644617
1161,4.5105892237998405e-06,0.3716307272505194,0.0059449600059792536
3885,4.904207243605024e-06,0.3593306279583403,0.003876144885481998
35833,0.0005887482056663202,0.412160601214683,0.018047891916451706
956,0.00039722229350033485,0.3968877839878843,0.011678232560924769
3888,2.8958630378816535e-06,0.3476667662356751,0.002991907056508744
3897,1.8280557205580678e-05,0.3590065660662991,0.003489969703863125
916,0.00011947685099673476,0.3876128990650905,0.009767586508279542
3901,0.0011393956607152291,0.41654528846164773,0.024228664714693014
3898,1.1381745299929386e-05,0.3740167059253191,0.005638859148719606
3902,0.0008366393001108781,0.421395674671681,0.019856055351544617
2300,1.467306478623635e-05,0.36481910555049457,0.004954051182631705
3909,0.00046072091787102254,0.3925822952069507,0.009772394326503965
3919,1.156160940392604e-05,0.37525069662829347,0.006206774407454192
40,1.6155837029852988e-06,0.3577161425848567,0.004336000017244812
3922,3.1501338531148415e-05,0.41344481288542284,0.01715773817614441
3927,0.0026567674858762593,0.41423355602481576,0.022878058640460053
801,0.0003973784755678634,0.3862964069285279,0.008206006443341341
2555,5.850931089065316e-05,0.3868595212243421,0.008647201411936496
3931,0.0001828438510837655,0.41387466366991643,0.020273160061445417
351,1.849839480634456e-05,0.39459287692699285,0.012093570144515038
1546,6.311047493236532e-05,0.3781020554122349,0.00857159998141384
3948,0.008183447479949304,0.4622548256317182,0.04551901457604833
3960,4.783986921832999e-05,0.407936922978495,0.01557149368292741
2031,5.9869134774696346e-05,0.41031965023863387,0.01587893941622638
3958,0.0002617482891699716,0.45039990270395774,0.03487194200956852
3465,7.132110833356018e-06,0.4049628151982177,0.01243797382712422
3969,0.00138296280798307,0.4674110927669448,0.04725174592067064
1590,0.0004906517093803812,0.41610987526813376,0.01910212566187381
3977,2.9678474374092336e-06,0.3722098619353417,0.005507384582869726
3560,1.335257617780262e-05,0.3442592510866371,0.002017396651149638
3380,0.000680170305451764,0.436011442869494,0.02633135945993122
2383,0.0005484702526388443,0.3740752833264037,0.0058810178763343
919,2.3098880408389128e-05,0.3753686443562923,0.0065572308576256465
3736,0.00010507576976554721,0.39309919092150886,0.01195318882593729
3737,1.612297739074721e-05,0.3788216786739236,0.0075795002689249
2386,0.00038777799540014226,0.4233375902231634,0.02058522074796452
3992,0.002526902841616663,0.46333087954201513,0.049302380498211854
3993,0.0040987384599693475,0.4736209962401523,0.05521000453852768
3995,0.0004879975951182605,0.4030493898142234,0.01806559208662326
4002,9.14369974882539e-05,0.4256006208195096,0.024682415831841557
625,2.544272557614638e-06,0.34665757388085455,0.0025185089284397205
4008,0.005228051910589404,0.46288191551145114,0.052078278182219925
3959,0.0004530420657044549,0.41123806543372726,0.016811786968743796
4011,2.146433460619842e-06,0.37649285687879697,0.009831361857699969
3318,8.053598132330771e-06,0.3864839294561631,0.009975328526959423
3635,0.0006228116356139866,0.44059595721067846,0.030518664849550032
401,1.2831104470330766e-05,0.38982710691024774,0.01036626934311023
4040,0.0016038765502838003,0.46082783793924137,0.04425329760010826
2158,1.953019162680588e-05,0.3555859288430978,0.0034288686209941167
4042,0.0013679728076709588,0.4437062389075029,0.034498487028444186
745,0.0005521090456219462,0.39459287692699285,0.011506560862248749
3816,1.8790784040545434e-05,0.39629511930298456,0.011287905155397899
4045,2.005252311022276e-06,0.33640432169564616,0.0013044753022330908
4048,9.81587019598577e-06,0.39537670651201584,0.010988737399446964
1056,0.0007356813637228191,0.42965833495936107,0.02139611306711078
840,0.00011725900753079933,0.3930345045316913,0.010431249927758955
288,9.742847379863593e-06,0.3921311252732044,0.011713404895106458
430,0.0009819903475305012,0.45244756280338855,0.03464779456409473
2233,0.00463860611755744,0.47903543602869797,0.06492244983945278
4061,2.7762911066841015e-05,0.37667097997777765,0.0069000345702384105
361,4.139275538454602e-06,0.3958353801854637,0.01188288624840256
4069,4.945232016219426e-05,0.3680799328153934,0.003907381824520213
4053,0.0006049445142919629,0.41473705227280566,0.016985300848994397
4035,2.3299851991576463e-05,0.3627689374299951,0.0037248984488300763
2004,3.6653985415012447e-06,0.32912645501434307,0.0010741299099361
4085,8.746836913680107e-05,0.3960322805569703,0.012300683506845283
4086,0.00015327527644683276,0.4180032698703339,0.0189136508389427
4096,0.0003314115761117312,0.4250704189427101,0.02137457284322005
398,0.0003991512388923933,0.4534783907421849,0.03665417184122917
4102,4.2526246990908134e-06,0.37613711559670676,0.006322285003344886
1874,4.728774232443414e-06,0.38799068941505654,0.009942919716887658
4111,3.137518265178122e-05,0.4059263569067111,0.014490007511331147
1084,3.2841002911912778e-06,0.35728806043965416,0.004019042403268449
2597,4.649651406878769e-06,0.39040056947353513,0.010831327153353512
4118,8.70520691787074e-05,0.3978132385141719,0.01183485452837283
1921,1.242173786183646e-05,0.3518666299409381,0.003372326672508286
4117,2.598797228226098e-05,0.3511940426465355,0.0036453378953822573
3822,7.166224544909606e-06,0.3440113328588633,0.0026519469484470085
602,3.9148065061872365e-05,0.3456542234499404,0.0028127779674802546
4144,0.006300393313532689,0.45091007816482687,0.04323563469716825
4149,0.0002967845196219254,0.3913600989741255,0.011072043274897827
818,6.613283001119029e-06,0.366723581151403,0.004173417788934449
4133,2.144197958165578e-05,0.3834436802117656,0.007555665949475988
4520,2.076146151563701e-06,0.399543439953009,0.014698167641354605
2305,1.4856897548236593e-05,0.38786467749903997,0.0078071474147572515
4170,2.3342903203582405e-05,0.3740167059253191,0.006571027382568173
4176,5.457975065224655e-06,0.3529585760365137,0.003023364346563396
1467,1.2107454878775866e-05,0.3684205898564072,0.005097519106055934
4183,0.00045730218337342157,0.43505841239327653,0.034341022197333836
798,0.00014038000770450176,0.412160601214683,0.0193601948627672
11,1.840993431512116e-05,0.38667163413292666,0.010695122005396145
4155,1.1678434229498556e-06,0.37966470895550597,0.00803667479280814
1822,7.562834640783067e-06,0.381849829582588,0.006862254348515172
1982,1.677605879310231e-05,0.3881798608872238,0.00994606593829908
4198,8.285405182985085e-05,0.3982111844013151,0.013459139872501111
1231,6.422493364051138e-05,0.3912959836237038,0.011913486927760675
4180,4.377395136449766e-05,0.3729072106228084,0.008008440351486856
5787,2.1444751207550824e-06,0.37419249319114645,0.005050800624429582
689,0.0,0.41820213504352605,0.02025331408807038
358,1.2190427757218249e-05,0.35938469516086186,0.0029040099267603854
3923,2.458837426340092e-05,0.34716143663358834,0.002782725294717993
4231,0.014345205347920931,0.4826168284580901,0.0669050025293225
1643,2.247528415301017e-05,0.3953112684606236,0.01015542805414887
4235,4.807801140047121e-06,0.3607416831353403,0.0051587865635667795
100,1.10072728431597e-05,0.36984680768644906,0.005883046522783414
75,0.00010461189108615524,0.40243819444635015,0.014299520412543992
4245,8.751643760384832e-05,0.3928405730327447,0.010172750022662668
4241,3.6864784922969704e-05,0.389191898979809,0.010231363501757622
3937,1.7692758260673253e-06,0.3788216786739236,0.007330486613092937
4248,0.00010266272982284013,0.40427736696667027,0.013773850816035533
4267,7.270705977509227e-06,0.371226404109277,0.005878582606265118
1993,0.0003222362513187422,0.38517508208983836,0.0113052529277839
4078,3.099498435371981e-05,0.42020947995057845,0.02021538515262167
4262,0.00020275354176677496,0.3874242796494871,0.012473475061134472
4275,7.840129663486737e-07,0.3806934466112668,0.007785286129018446
4274,4.113004967899346e-06,0.3672310399814096,0.00399580397237218
4279,7.277303860748115e-06,0.389509243972454,0.009963252486635423
5730,4.388514294036034e-06,0.3827064066718615,0.008033097620294317
3970,5.495275584472628e-06,0.3596011267749304,0.004402718116898113
4291,6.665109741108424e-06,0.3580915568274495,0.003939611225556686
3356,6.30127225922675e-05,0.3966241587577363,0.012477803624567437
4076,1.8173180454020843e-05,0.39491909458318253,0.010561616834883939
1261,1.1021401489544042e-05,0.39974404753792264,0.015300695251229061
4304,0.0002888584100903626,0.39642666955005607,0.01321811036722369
4281,0.0006727425929483791,0.44018995282696055,0.030492433402520974
4036,1.6365228024636343e-05,0.3709957570734837,0.005235785818710292
4325,2.5904857957616953e-05,0.396360883511299,0.01131014286192982
2641,1.7685727129954837e-05,0.3739581468669309,0.0054581216297339835
1123,2.089502412967789e-05,0.358683088157244,0.004442412919590249
1939,0.0004301328635117414,0.390081771033658,0.009482278847495064
4333,0.0007342910035192581,0.42758157609006225,0.028370348382329033
4336,0.00011644509252875468,0.4345834577945939,0.02635374397212682
3759,6.922954089490658e-05,0.3817887922057366,0.008575081023017898
4344,0.00026652243624865574,0.407588853931585,0.01784335701112158
4354,0.0057211101925239176,0.4748450664093614,0.05517588817519318
2362,0.00013773839337843843,0.41466504931234166,0.017575247552385972
3818,0.0004838856775306923,0.44502900764656006,0.034979772666376356
4361,0.00018347970246141755,0.43648952559193854,0.030945913148200343
4194,0.00017681489765970407,0.4020317596430042,0.014135829790772967
4366,8.906061051428513e-05,0.3783416258576094,0.00786397116199664
4362,0.006211275005285099,0.49145487325907156,0.07695714242372285
327,3.833724096171494e-06,0.33903061519362493,0.0014544558423465804
4250,1.0358740826959746e-05,0.36893275935111025,0.0053856744894460904
4384,3.987531136723854e-05,0.3830132591467428,0.0099544918342022
4401,1.0570397874627244e-06,0.36644226511799444,0.004639859809018795
2565,3.0167471184039788e-05,0.37261633136335226,0.0055705300906552695
1186,0.0002091487027302271,0.40779762404628445,0.01808096844715319
4400,6.582669297401667e-05,0.41244529166622135,0.020317505688698778
2481,0.0011076094548692094,0.42154442005631626,0.02485357753347701
4416,5.427279781633807e-05,0.3839367760872991,0.010086550683411862
4398,9.411195503319126e-06,0.3426787208090513,0.0019455345835539875
4087,0.00020865539099046524,0.4364097723440687,0.024632751364151245
4419,1.6277475476451578e-06,0.37419249319114645,0.006352750248775324
111,2.2166315065354642e-05,0.342777078650845,0.0017896303693605469
4437,9.771279579493168e-06,0.40007884154758594,0.013196831015413866
3546,0.0036982906345884034,0.4529623902975703,0.04881026660713303
2318,1.452494945251358e-05,0.35093603938276346,0.0034236950611781446
4466,1.634259964923028e-05,0.3831361379594302,0.010133555308488093
4426,2.54405023471741e-06,0.36785317788989497,0.005765083267896631
3029,1.2467225664029351e-05,0.3737825796618291,0.006680919169775931
428,7.922617663113096e-06,0.33735461638970166,0.0014529143264298107
644,5.476548401311417e-05,0.37714679994301087,0.0071269204306275685
4003,4.849379356789117e-06,0.3352710112351331,0.001380320748690811
4494,8.21241048483921e-06,0.3676267021762487,0.004047511902022142
4020,5.122616077141472e-05,0.3758411776615402,0.006204666322850964
4213,0.005828882064978477,0.4745620274268007,0.062478292066103856
1930,1.691968219693359e-05,0.3688757813187781,0.0059636885559902
6753,0.0005288020011017565,0.3703629530220326,0.007049859822630369
1035,6.600461712261104e-07,0.3506784149227849,0.002017022060489807
4528,0.0016310038546120276,0.45082496867479954,0.04188884594527956
3723,0.00010703883113541777,0.4101082905286896,0.016431640691134414
1179,1.6192516464837843e-05,0.3625486769943971,0.0033313010528915354
4542,5.192706505019281e-05,0.381849829582588,0.007204980191744942
1492,0.00043536987915544306,0.43593186421593133,0.025910000226890974
4558,0.0006057140938563347,0.4362503532491485,0.02653788536154014
109,2.7916398798869695e-05,0.3720938906432603,0.0077901965681902476
2664,5.349396280905845e-07,0.4045512676217968,0.014482878421106911
4556,0.002331223565441853,0.47305816677343787,0.052657107390545264
1619,1.1207931572602376e-05,0.39761456368221876,0.01118349881950612
1171,2.1985407880119284e-05,0.388306077717296,0.009259447173553332
4572,0.000444611424997983,0.406755906682406,0.01352653164370965
4580,0.00022503984709494533,0.3956386755075514,0.011464861137262283
2294,0.0015058844229807575,0.4411656232063332,0.035460925646417264
1688,0.0003060035029444453,0.40710255395246087,0.01398987942236943
4600,0.00034501948583625205,0.41081367114535394,0.018562279552773415
4606,1.5299820077429515e-05,0.4066174130131236,0.013321995951450116
4594,2.4067106110746297e-05,0.3938121490583822,0.009571243857166305
4477,7.1010912641589594e-06,0.3772659428272134,0.006542746118241487
4621,8.391699722511811e-06,0.36984680768644906,0.005914218624170691
2666,4.7321522111106787e-05,0.4191034714930844,0.021860723845890325
4614,4.274433744894681e-05,0.39761456368221876,0.012012456392305077
4622,0.00014179320115081598,0.433164795799617,0.027276369752321578
4639,0.000816969796336909,0.41939783740809267,0.019459846311129115
4649,6.148543166941004e-05,0.3817277743389944,0.009040113408734998
1305,4.979442588840446e-06,0.36757012681426404,0.004597854906212289
4642,0.00014901090469769728,0.4245415364449143,0.023150502277785055
4351,0.0003623686265383555,0.39834401001319014,0.013488328808744256
4659,9.387996216595693e-05,0.37566383832008304,0.007011970252934406
4661,0.0013505775171862883,0.3929051955978102,0.0106547617814788
4653,0.00015659183875682125,0.389509243972454,0.01035482735919417
4500,0.00014048473204805013,0.4014236443763173,0.015472849483577359
4672,2.107348011963435e-05,0.412160601214683,0.017068482871510096
4658,0.0007032439651029724,0.3976807665732747,0.011006245234690229
4619,1.816073251876768e-05,0.38786467749903997,0.00997154628333544
4677,1.447314259151798e-05,0.40427736696667027,0.013341859250748059
4685,2.358794628333271e-05,0.3584139681931404,0.004343445518147189
4673,4.805289631909213e-06,0.3562754600296969,0.003930437433328533
1256,0.00011768596120896427,0.3978132385141719,0.012049463770079106
4706,0.00044793055410562263,0.4295810582804115,0.024982475947643842
4707,0.0006090865906833132,0.42326257027097075,0.025688758589159835
1198,4.2349579445000646e-05,0.3364991101773863,0.0015397905512953428
4676,3.1030929776891916e-06,0.3715151165094242,0.006964399697745699
2628,6.771428651446227e-05,0.36315503786514947,0.004659021228044988
2162,6.830669196692135e-05,0.41109650327695146,0.0162868287805281
4721,0.010920125728385213,0.5087264502745661,0.09748049974109532
4747,1.6704724959384717e-05,0.380572129388,0.0077040713183095435
4753,5.43147395764004e-05,0.3772659428272134,0.007122631781300295
1227,1.2703721040963785e-05,0.3576090259079335,0.004010381311434143
4757,7.650105651297987e-06,0.3062534535246939,0.00042570440502911474
4758,9.381708020037678e-06,0.38081484120521175,0.007050389216498179
4763,1.7219805820169573e-05,0.3870475909964492,0.007777930373151836
2497,5.0993556275129615e-05,0.39557315071863003,0.012928100223589093
4770,0.0,0.3792548633839116,0.00881871790597997
4782,3.6752801418500135e-05,0.4253732295706301,0.026166396865177657
4783,1.4581315695602355e-05,0.3810578628013861,0.008168932906570102
4692,0.00029742489324416577,0.46731964078244725,0.0569182757561531
4794,0.0006365278534201637,0.38099707832813656,0.00810102858167463
4800,0.0005415896252100531,0.41401814595928027,0.01829889573078592
4716,2.5525933520111524e-06,0.33475412530330595,0.0013510134766842553
6986,0.000264647784339649,0.39550764763025137,0.014373685061169452
1400,9.114327830594238e-05,0.3498053140068963,0.003342048545373747
4807,1.8990581265355013e-06,0.3806934466112668,0.007603427400955142
4423,0.0006424360807896691,0.45184840787723946,0.034921318357417894
4821,0.00013451414890992028,0.40544401358667254,0.014416905004365595
4517,1.2132691570989794e-05,0.38387506975877334,0.008297585001232734
2360,5.389698469643003e-06,0.3668362285423265,0.004834126263723048
4832,0.0035847465344474192,0.45133610809506575,0.04081903780525339
1168,0.00024321394935368515,0.388432376652966,0.008779876625894458
4626,4.87505114424101e-06,0.3740752833264037,0.0063843514940874965
1291,0.0002332027473634615,0.41654528846164773,0.0210684388423117
4872,0.0003966805530369032,0.41560304228973166,0.02066050936002696
3569,1.2146935967944491e-05,0.3810578628013861,0.006448535899428173
4890,5.9130629748746434e-05,0.4118052903515669,0.01653386789789543
4863,7.2114727629108065e-06,0.3801481273339309,0.007729192879878407
4854,2.0086445518861807e-05,0.3744858394542314,0.006221018656931402
408,2.981155117302692e-05,0.3621638641454265,0.005020708506376606
4928,2.169798723185397e-05,0.40027998726983205,0.015771818072136106
4923,0.0017348955275766358,0.4547735498932003,0.03487085483070027
4925,0.00013114832080231382,0.4084950716673658,0.015172973411915291
4953,0.00689440507692426,0.46989389809936805,0.05887110537752028
4790,0.0039221681159568285,0.45721108040564473,0.0487412724020712
970,8.178573715941026e-05,0.3455042216171109,0.002328067035097401
4961,0.0022755216721310444,0.4547735498932003,0.03867156239838782
4974,2.9332338717615533e-05,0.4040721847469274,0.011401616155469786
4915,1.4150899091198393e-05,0.37215186725445437,0.005729924130331124
5484,3.614482911209417e-05,0.37840156591240304,0.008190628073011985
5036,1.1291817342042228e-06,0.3623836571141083,0.004068926389580601
4991,0.00019157805529700556,0.4008173660075664,0.01900049162432833
1841,4.469932210289663e-06,0.3966900322270533,0.013054556026134447
5000,0.0002078071777639471,0.3949844028508497,0.010854181043088313
5001,9.418909406699416e-06,0.3626037170243036,0.005193182074399813
5005,1.8402102862153975e-06,0.38729863532334813,0.009417091008166454
4709,5.5145434420946855e-05,0.39110376355642507,0.009007996330746353
4959,0.0003332297537197565,0.3751917505559359,0.00773843158655571
5015,0.00012254997932308946,0.37384108374379216,0.0070269418005046375
2266,2.018822592933257e-05,0.40345788581741354,0.01241392218458986
5010,0.0008475322755363944,0.4141617277681789,0.020376769782665286
5034,0.0005381447848378328,0.42613214701857055,0.02360832678176344
5045,8.050149626828569e-06,0.37042039144526795,0.005448603468949492
4767,0.00046065414989416534,0.3743097765301815,0.007159031742232037
4910,0.00025489564820374593,0.41778392234372713,0.021518845043782146
2055,3.062674878240264e-05,0.3472119034800244,0.0025628592059526497
2206,1.7490483531133278e-05,0.37876160546132065,0.0069847010292886785
4994,1.981571399292347e-05,0.3753096612255009,0.005759764602318468
979,6.185768705640186e-05,0.38554813301680196,0.008618984616350604
2857,2.8859947980746015e-05,0.38874848373032034,0.009710347390493363
5072,0.000996700460162195,0.4097565078125044,0.017022397872963058
3926,5.8902267588654346e-06,0.39116781592516997,0.009102999130323095
5301,0.0029141768338892065,0.46450227227520186,0.049572895330183164
5066,1.6167879305777275e-05,0.3879276732238246,0.007457704253899521
5082,1.3629491660085577e-05,0.3764335199431187,0.007428637435727977
5080,1.0600212636558902e-05,0.3978132385141719,0.012502886564864769
5091,0.0008452047204781397,0.4094755158647502,0.013738170461370333
5002,8.513540300989628e-05,0.3820941743783536,0.0073480850980132675
5093,4.8029534180742905e-06,0.38729863532334813,0.00800117311872517
5147,4.694673269579492e-05,0.388432376652966,0.01014115325926105
5094,0.0029837318496700677,0.46297163869724517,0.05072044031444558
4678,3.5741458256296545e-05,0.326071083145268,0.0007289045378702437
4745,0.00012487872485982132,0.41444919035902966,0.017493062096562925
5101,0.0010787455522424634,0.4153862059198414,0.019184674949951373
5018,2.3022899319720533e-06,0.37372409388813765,0.005149609097742799
3647,1.8267883702151146e-06,0.3769682266475833,0.006289700427798802
4971,5.368369387778283e-05,0.40311741502769416,0.01505557332454288
1649,5.4484691940974235e-06,0.3632102621713941,0.004279583202140067
5136,9.083699020970628e-06,0.3981448048073159,0.012516170917940371
4367,8.62987695119275e-05,0.40054849640098744,0.014475178857956386
1594,4.7965082047143906e-05,0.3772063619771143,0.006390620819683652
1478,0.0005601661782520861,0.3927759717216063,0.010435255535872037
491,1.0359181899628295e-05,0.35511012251547547,0.0034560421681313317
1125,2.4466793517112522e-05,0.3826450951680692,0.008187657388580882
756,2.2680104827669297e-05,0.4102491727995685,0.017043066649074293
961,1.1631780522710542e-05,0.3740752833264037,0.006085393403293925
1474,4.114844255580551e-05,0.40530641168150144,0.015786513222475606
5229,0.0004220971018652587,0.44002776050830655,0.028839313769624012
5181,1.578852415524851e-05,0.3540048442328573,0.002969917867680068
1223,0.0003364808787263004,0.4010865968159677,0.012693637412845554
5175,0.0002900658219595648,0.435613839875814,0.027102449127551033
5124,1.6206098762243833e-05,0.37244202152488504,0.0065575817354109455
2381,4.113366499216798e-05,0.38381338326194564,0.0076806206559347405
5196,2.788773109346463e-06,0.37192006914342696,0.006550509554488368
349,7.73415991390096e-05,0.4028454518534471,0.015333566399062705
5197,5.9597680812309146e-06,0.3703629530220326,0.006265205170316382
2644,1.1548031329186907e-05,0.37966470895550597,0.007149831276889235
5200,1.350930783885357e-06,0.3753096612255009,0.00688848749415902
5199,2.0261967729220954e-05,0.3918094954132362,0.009399117402497909
1197,2.2492316581083804e-05,0.38505089215526167,0.007624901183573869
5231,4.6640669470416745e-06,0.3497028819969382,0.002780382860309811
5223,4.786524479363375e-06,0.3741338790788045,0.0059335452378805964
778,0.00014240869505204373,0.3948538079085945,0.010504480129069581
5251,1.0101470277228321e-05,0.37678982237562514,0.006916632091384397
3521,0.0022891114653358848,0.4250704189427101,0.025220589587929085
3755,1.4903656658999992e-05,0.42484359374583563,0.023349466962889302
5069,1.931454276487027e-05,0.38087556753932195,0.007676333970040322
5267,0.0002849784231077353,0.3817277743389944,0.008133764027345952
1737,0.00010069999262586065,0.4126590677330836,0.016546448027009417
5279,3.7297846533550313e-06,0.38944573357885015,0.00897897437789822
5273,1.2666851031022946e-05,0.3506784149227849,0.0033105612558431974
2147,0.00010296813779582333,0.41734591718313613,0.020160852090291486
5281,0.0001671795858660708,0.35927657702152344,0.00470193140163198
5259,0.00042077155125651517,0.4269700901035195,0.02547377715711101
519,0.0015470638557218703,0.41201840331880074,0.020125284464917497
5304,3.9532438884056166e-05,0.37273262859536327,0.007132812672831904
5309,0.00046615193119522677,0.466225001764413,0.05248422820664474
5316,1.7605736391111315e-06,0.37250010668108047,0.005539033977833746
5323,1.7620813002969418e-05,0.39961028677247584,0.013342503696430003
5312,2.1155517547663447e-05,0.40779762404628445,0.014032282052341137
5337,0.0005614219558382124,0.449467573210216,0.03848723535055773
5340,0.000491464127256605,0.3922599251172751,0.008893550830647672
5365,0.000219150197041238,0.39642666955005607,0.010521933392316106
4399,4.221910367212781e-07,0.3779225765884633,0.007501640849705263
5372,0.00011147577950052641,0.3779225765884633,0.007991140160871088
5373,3.9215060331322996e-05,0.40689449472556866,0.012827235836024197
10696,0.0007691321251238431,0.3987430190382451,0.013295152728736962
807,1.6073555770152986e-06,0.3584139681931404,0.003615494910660649
5395,3.3316653601730792e-06,0.3785215030172881,0.008636644446464748
5407,1.4611813844946981e-05,0.36090521064356124,0.003636017909722112
5274,3.666378256291065e-05,0.4059263569067111,0.014689613552074444
1840,0.00022144140819945501,0.3986764620328973,0.011094187457489052
914,1.729732795799333e-05,0.3959009918844833,0.010005597429057206
5431,1.9696403382028297e-05,0.39927627616835304,0.013229707859424384
3849,2.320061824966896e-05,0.3770277322871488,0.007404262047285843
5292,0.00020493156421437522,0.4399467091617402,0.03329648104421394
3698,0.0002132988464259321,0.36504213419518383,0.00544251622083958
3664,3.9301201514274785e-05,0.3929698394272932,0.011144777650029558
3996,0.003272807149718104,0.4446147959864274,0.032119725055792026
175,9.574368123327307e-05,0.430510217022186,0.026243656095259894
5473,4.485997893317793e-06,0.3633207611863535,0.0052888295269706825
373,1.7551604354832175e-05,0.2989325011313001,0.0002479376468258375
5286,5.938555336092718e-06,0.3624386470469026,0.005222939589108383
5442,0.0008266719706343976,0.4271991922802876,0.023481235853026083
5498,7.571074855252471e-05,0.4022348743750569,0.013763689287295851
5499,1.7864208948279458e-06,0.36063274709936405,0.0030287411386667592
2620,0.0005640421984424349,0.4175648049019384,0.01968340789825808
5371,0.003049019550520026,0.46207596905379916,0.049841318473364725
5534,0.0001312945942271857,0.41017871956707674,0.013957457112525625
4428,0.0023539987524679004,0.4249947836368484,0.02753410003476862
5542,0.00013756930195201576,0.38381338326194564,0.007766615452211091
2310,0.0001431337323294911,0.362824044362614,0.004843535966866774
5572,2.1845891679911262e-05,0.40696382416750515,0.013421353376956588
5575,0.00019163705303630883,0.4107430239104192,0.015641414859836996
2273,0.0006500913159200573,0.41683607051292987,0.022039735159874906
3537,0.0005259175611330578,0.4334005959062036,0.028333455997044385
5378,4.73871006964465e-05,0.39168099115104754,0.011484981682773536
5387,4.9781336093661484e-05,0.39511508420828584,0.010870516526003115
6794,0.013852157208565115,0.47961258715644334,0.06040640477943547
5566,9.644673912331465e-06,0.388621979179806,0.009134066089309497
5609,1.9509142606745646e-05,0.39629511930298456,0.00958853686370058
5628,0.00012246279744019113,0.41473705227280566,0.015691496232261938
1837,2.3242582543765385e-05,0.3953112684606236,0.008871660476442262
5621,2.2618783596083842e-05,0.3939420557544265,0.010607883164434074
5601,2.9634269272400506e-06,0.36128735199502165,0.0038602126831272523
5659,0.0002592696004072793,0.3746620680845628,0.006076538485976181
5585,0.0001196453001437295,0.4087047713961478,0.01472773091499451
1729,4.7630998547805324e-05,0.38673424288197666,0.009373548272698339
5640,4.282816678315542e-06,0.3600347729935315,0.00362054130858644
1328,1.799172605951212e-05,0.3709381400899345,0.005313016424988872
5583,0.0006026936087037712,0.3864839294561631,0.009177548537805108
4054,0.0011744210121327411,0.42567647193710356,0.021886516739596365
1636,3.801981953959762e-05,0.39040056947353513,0.009575192368310361
3945,6.81535240813098e-05,0.41807643690514407,0.018299388577330156
800,1.5763965343045543e-05,0.4088446908659856,0.01683012484765211
5709,6.579351633777252e-06,0.3375453199603007,0.0016408044000575707
5712,0.00017488690231659524,0.42942658828462565,0.021977126425941098
4312,0.0021333397995878882,0.4709129897553406,0.05092182676917666
5627,0.0008426877582874859,0.47063461754464786,0.054485473371701655
5731,3.378302929016592e-06,0.37372409388813765,0.0065733300577479215
5399,1.784710795638928e-06,0.3925177788067523,0.007964899183572212
5740,0.0051517165175867545,0.45808797162237974,0.04465078393446736
5743,0.00044944665402596104,0.42154442005631626,0.01935597973028088
5735,1.565704184260378e-05,0.3645407026921685,0.005214501519688143
345,2.0919429583084817e-05,0.3591145217319332,0.004051605899059016
5744,0.0001064636963305786,0.3919380840234801,0.012581987301967967
5756,0.0005114542405514969,0.46814399922365507,0.05716085795180277
1894,8.102156589532395e-06,0.3735487463307926,0.005165747748523489
5751,5.838185848190395e-05,0.3593306279583403,0.004115884990257269
5761,3.8103962953731535e-05,0.37442713341261763,0.0063017767169777725
5768,2.7942316461758594e-06,0.3679665204189012,0.005862738023728238
5775,1.0698836811028008e-05,0.39027298758808626,0.011917370008840692
6827,0.0001961100263449828,0.3936174495779644,0.010947408734753201
5789,7.464373100637388e-05,0.38240004547535833,0.00736277755996891
5794,8.211653231544716e-06,0.36188949758168,0.003981875573114711
5810,0.0037537120037373357,0.47645535289030283,0.06021227065319341
5822,4.1321412785096765e-06,0.3830132591467428,0.009016035641857413
5801,0.00010054788070388268,0.3813011947699693,0.007999562581525082
5849,9.051582904490905e-05,0.36910379910973384,0.0059335919809187015
36285,6.759678297057117e-05,0.40689449472556866,0.01706114062319062
5860,2.5773975466785545e-05,0.37858150008544744,0.007372532898412362
5732,0.00022144387636482285,0.42658879872103733,0.022718084191318696
5690,0.008538160853823357,0.4865493346993457,0.06926474916706844
5830,2.1386455388783457e-05,0.36437386484196616,0.004356884569612032
5901,1.1828481046639826e-05,0.3598720331533958,0.004501956193545866
5903,0.00029550296245170135,0.40359423522120447,0.01412219683207662
824,0.0008185814794568295,0.41201840331880074,0.017778096167919134
5360,6.838564348111708e-06,0.38449302705072247,0.00885745648272699
4100,3.129243592328157e-05,0.39116781592516997,0.008803066733173427
5869,0.00018944312341318136,0.41851597757825265,0.024162669059322316
4701,0.00012574224387719362,0.3975483828294088,0.012577887204959724
17988,0.00017321619933304607,0.37483846265522414,0.006490099265152015
5513,0.000980477053019596,0.4237882689920312,0.021813168887970545
5952,0.00036006782909489706,0.44010884172454173,0.029917048595716048
5917,0.0002622335369869238,0.39219551462053986,0.013887897717529483
5753,0.0005481082495347018,0.42117275331318776,0.02144232814417989
6096,0.0005304814864452931,0.38982710691024774,0.008642626923907942
9449,0.0014857989555898052,0.4193242071697837,0.02184448940826877
5714,3.578382735798087e-05,0.3710533919588454,0.006146465675696755
692,8.687974966171815e-06,0.36415165178214487,0.004958383222254202
5706,2.0113054552633367e-06,0.36030633338951396,0.004093430781736876
6013,5.5176735811969414e-05,0.39040056947353513,0.011299299754154894
6023,1.2281844234880514e-05,0.34455722504891634,0.0030249233682838705
6015,8.08838895728144e-05,0.40007884154758594,0.014110870930594545
5970,0.00029308221670681076,0.44577653677474577,0.038828387461844784
6030,3.669807741483677e-06,0.36560090066418,0.004481546389396427
6032,0.00012898470437857764,0.3642071796338957,0.0043736138271264725
6031,6.927370659283937e-05,0.4373687390659381,0.034696419310309215
6035,5.970331888681477e-05,0.4114505915657344,0.016161073081695107
6043,0.0011121773118533227,0.44652658142439483,0.03453061084296417
461,0.00041727611198940224,0.4262842555843455,0.02478975703989105
6074,8.915068603954237e-06,0.3469597158685485,0.002801069535864622
6089,1.3789367236469463e-05,0.3748972977615897,0.006374221165244085
6094,0.030979978525184623,0.5283058358856642,0.11811521723830398
1568,8.147013402047465e-05,0.37436844577415174,0.006168435527283462
1539,8.35940695524608e-06,0.384678802389932,0.0077664166436862475
6085,0.003818648162782916,0.4520194330126964,0.04183360393980883
6101,0.01594280509871499,0.493587659441845,0.0745806568362859
5723,1.8962082222505262e-05,0.4026417201684234,0.01209985897235933
5701,0.0004505685899732406,0.41553073835057197,0.018732261250430374
6129,0.000507514052921169,0.44198199186511616,0.03497028160148728
6131,3.342212637737195e-05,0.40101925521139825,0.017113101610870318
6133,2.1023665926338248e-05,0.3772063619771143,0.00496955768927671
2503,8.228944644601515e-05,0.3968877839878843,0.011546082424819843
3848,8.920249961305402e-06,0.3718042783373425,0.00618806787489624
478,6.7208173957750315e-06,0.36773990516383187,0.004314133122472456
468,9.69105009732154e-05,0.37215186725445437,0.00539878198019496
6172,7.503531367142064e-06,0.34331905764540577,0.0019538644685545047
4535,7.491345520065285e-06,0.3653771889305626,0.004962383965132248
6183,1.7414393476665983e-05,0.38824295904406503,0.008592406691761607
6194,3.804678477238e-06,0.3827677378267769,0.006596483041536734
19949,0.0006979451699883594,0.40599535679739723,0.016621695545034693
3983,0.0010096672379289447,0.423637936154503,0.021386710781978083
6153,0.004316097413179149,0.47063461754464786,0.05398709328926445
6205,0.0005649912394532853,0.43097630531199715,0.025594983122312825
6206,4.839130023073324e-05,0.39123188927749186,0.011197727520689696
6209,5.951399840919579e-05,0.39161677062454303,0.009404744563527606
5963,0.0010894531734856976,0.43395179579198545,0.026702324194707312
5100,3.099831360598332e-05,0.35280216898657135,0.0028832535722365304
6249,3.659157728881817e-05,0.4040038369484249,0.013655900006987697
6254,7.920296958164324e-05,0.4216188321339961,0.01916559814467224
1320,0.0001257741903355388,0.43097630531199715,0.02661701259865333
6262,0.0012613744166190342,0.43035507820524105,0.02577401409605197
6270,4.5282474590435566e-06,0.35916852391565235,0.0038544369085470277
6277,6.768808947267434e-07,0.3610688864760526,0.003846353944481953
4037,7.114370431692945e-06,0.36359730309622285,0.0044843530922646785
3641,3.6968695536024e-05,0.39721780875421386,0.011349154565181626
4345,3.9525462963549873e-05,0.373490333704314,0.007096406436462587
5217,0.0002675354411023088,0.3974822240038422,0.010136975788045347
6316,0.006104233728671441,0.4910507162909309,0.07209483274763491
6339,2.3899033520761104e-05,0.3340518439215508,0.00166586162946302
6348,0.00036462057514737776,0.3824612784690293,0.009653111601809433
4660,4.43931750151115e-06,0.3378795705246977,0.0016728374647596315
6349,1.91960733663493e-06,0.34868185168453836,0.002372104662508425
6355,0.0001777311357404967,0.4035260490013664,0.01565443886588908
6357,1.688405225419636e-05,0.3743097765301815,0.006687384802922422
6414,1.833390231985255e-06,0.39511508420828584,0.01109386124917191
6415,9.044635071932894e-05,0.41793012844078525,0.019253526508590378
6269,0.003092741523504646,0.47305816677343787,0.05305815426547971
5239,3.7710038374413133e-06,0.37918251850120466,0.008042501528953413
6451,0.0009238505073350026,0.4175648049019384,0.01938405015803505
5784,6.318321100664955e-05,0.35542718512486426,0.0040394490975929455
6460,0.0001908188181907028,0.37750445456600096,0.007458934724610404
6466,2.5593739414157968e-05,0.4011539610411636,0.015584084653785366
6481,0.0002702990475602607,0.40230262490131175,0.011986886966101952
6485,3.128231119069934e-05,0.34858007647972683,0.0033122510883970883
6107,5.2719553369009606e-05,0.3852993521598787,0.008783063745810765
1162,0.00020638273891595985,0.4253732295706301,0.02094586702029622
6486,5.1563208644239514e-05,0.3591145217319332,0.0037989613283499414
6495,9.718633459200022e-07,0.40710255395246087,0.011671757581048997
1102,9.114934779343535e-05,0.3601976600873304,0.004329973050205693
6503,0.0001731441025284591,0.3874871323879117,0.00978708141319298
6506,0.002681801329427185,0.42651262214983715,0.024351145912601832
6514,8.030794552329024e-05,0.41237408218906907,0.016299178236920165
6515,2.658842810667526e-05,0.3953112684606236,0.013422098080630057
6521,2.7019343666470255e-05,0.3783416258576094,0.005944245762342677
6522,9.126154843274649e-05,0.3722098619353417,0.006094178288851088
799,7.793163174725454e-06,0.398078447339848,0.011097097290909748
6545,0.0010425819854979954,0.43970373417508984,0.030819350809895625
5656,0.00017287310198323738,0.35857539168879865,0.0038727299225984114
6566,1.3612141092571027e-06,0.39219551462053986,0.011356897063979245
6569,1.195850231131177e-05,0.3828904591277794,0.00940540615189889
6382,2.501072517945186e-06,0.36271384723448563,0.004872284229124824
6401,1.8444855493502791e-06,0.32146307995142503,0.0006891098404418727
6577,0.0,0.3759149872478054,0.006544484584105551
6430,4.194813661221318e-05,0.3697323040308185,0.006344929289398937
6210,2.964679058620977e-05,0.35927657702152344,0.004271953861428287
6627,5.8009065711932785e-06,0.3710533919588454,0.005948719309782117
6307,0.00014788242705514982,0.4089146865329717,0.018176364180685342
6594,1.829208709630261e-05,0.38982710691024774,0.009119904816065755
2490,1.0812729179022543e-05,0.34929375314991046,0.0030732267607183265
6647,0.00021708948926826073,0.40075011477165906,0.013251269193527064
6646,0.00022623975163231069,0.4097565078125044,0.017798613434369066
5710,5.517428676178796e-06,0.33645170926033074,0.001718646799963275
6666,0.011042938078413495,0.4808678647149362,0.06679321059489593
6658,8.392684804106571e-05,0.4011539610411636,0.014187107753070778
6668,1.0236250938840683e-06,0.3156847322282696,0.000606297892715106
5516,2.9003752005864297e-05,0.3368312909376799,0.0017441624238263233
9502,9.427967131295139e-05,0.3680799328153934,0.005227732358557447
6716,0.00032278054251390576,0.40599535679739723,0.016046285748314435
6400,6.047734242531007e-05,0.4105312279200907,0.017424561403857147
3441,6.622513990432098e-06,0.3870475909964492,0.007939056474126354
1143,4.423033864281691e-06,0.3533763402928078,0.0036661318864073646
6579,0.0007476728526562702,0.4131587414009839,0.0181806509872817
6214,8.556725902994582e-05,0.3932933779086264,0.01178832913841474
5482,8.753652870352273e-05,0.4062024972855591,0.015053357798188165
6714,0.0,0.31957799517497254,0.0006194374500283532
6651,0.0010539304493040363,0.43921858845882455,0.03144302223839693
6742,4.9346591123185245e-06,0.38723584371580544,0.00943537116547589
4526,3.338227382311726e-05,0.37560476239016954,0.006887370919346831
6751,8.983531892341352e-06,0.36876187803598703,0.00511728321430133
6766,0.00016340797589823632,0.42857898511377857,0.02314657067408806
6756,0.0003855382129761803,0.4015586220644061,0.012957438008310323
6769,5.6522798549445575e-05,0.39655830716239215,0.012636814134728107
6699,8.111780202412753e-07,0.3621638641454265,0.004300841807433414
6773,0.0002243933799591051,0.3839985022570881,0.008653586194353328
6776,6.038289754271009e-06,0.38075413423227933,0.007574295013422556
6772,8.626081171165799e-05,0.41287306552101777,0.016137627053057983
3332,2.0664098354554885e-05,0.3680799328153934,0.004282843165997475
6781,0.0001431674592399267,0.3694463548397661,0.005845681230487909
6787,7.660705147938055e-05,0.388306077717296,0.009468849230205774
19029,8.516219683884025e-05,0.39232435677383176,0.007977792086411948
2416,1.6035660106747352e-06,0.36145137470325184,0.0042447261047944525
6637,7.670144605894379e-05,0.4120894899998427,0.016099741701094447
2082,0.00013932238995684347,0.44083991953471535,0.026799955236210097
2312,4.076554887367767e-06,0.32081540416911863,0.0007361948113243068
6779,4.9778539130924905e-05,0.4087047713961478,0.01562816687348492
6818,0.0010141365574235276,0.4249947836368484,0.021058902169230908
6836,7.37261104173879e-05,0.3972838795806866,0.013458930652007924
6768,2.2724675518810795e-05,0.37472084782539816,0.005144944678418006
30395,5.601309798984026e-05,0.4145930713485659,0.016852741850704022
6494,0.0002665753791959588,0.39511508420828584,0.0106512894610127
5883,5.476505202742039e-05,0.3626587737684616,0.00419353999398952
6871,0.0008935346654066672,0.42326257027097075,0.022459411644042936
6872,3.078591218579832e-05,0.3458043555869535,0.002391906822604263
5420,0.0001913952248683997,0.4169088294709527,0.01898116591021323
6882,4.759536013356338e-06,0.3820941743783536,0.0057832155366288355
6886,5.849695731395094e-06,0.406755906682406,0.011615105550247126
6921,0.00041967448704200355,0.36046946635060184,0.00434828015792035
66825,1.8226884282530436e-06,0.32953513852636424,0.0012463875714284881
6649,1.696046600330965e-05,0.3906559836504887,0.00903034867814045
6858,1.215597670391477e-05,0.3726744709063954,0.005457119861672322
6942,5.222770986371496e-06,0.34690932230052113,0.002173034816966093
6948,8.689975659924187e-06,0.3593306279583403,0.004553987000342191
6950,0.004536616278930165,0.46297163869724517,0.048491039008533354
6953,0.0002956317322429844,0.4388151174056748,0.029807117047335227
2883,0.00011596950997672003,0.37858150008544744,0.00799788102030896
6936,0.0018530792843748963,0.461005729403414,0.049713164156217696
2081,1.7045613108173687e-05,0.3584139681931404,0.004711747933359416
6976,0.01599552183973342,0.4984287737978063,0.07739551615337578
3988,5.967087468145055e-06,0.39596662533804505,0.012847782799067991
2781,8.998529314457554e-06,0.3395608023939562,0.0016121131438939298
1050,0.001834104826516949,0.4740910448668297,0.05505697947669963
6998,0.00011241871745169246,0.36205406761241293,0.004595082346904026
7005,1.749915137932761e-06,0.38197196290406016,0.009279173383663969
7002,4.0048153311086394e-05,0.37894188228448167,0.007606728844237161
7015,2.1871926379555013e-06,0.3760186845149697,0.0062935491374942155
7031,0.0006420214563177865,0.4332433673207125,0.02712623774481871
7033,2.690656135070732e-06,0.3769087397883995,0.007429122196620938
6137,5.11882763329223e-05,0.38136207632749286,0.007474549726622807
7041,2.3317582655502873e-05,0.39504973272231025,0.009980584548724985
3193,4.239479987755307e-05,0.3666110029223466,0.004785821644122304
7048,2.6354633530417595e-05,0.361342009688213,0.00396022330836794
4,2.5396169467103144e-05,0.38554813301680196,0.009741295408684233
6979,7.177088190093775e-06,0.3512973502043077,0.0034151378507782187
1606,4.565828637937084e-05,0.36014334801554404,0.003206554571390237
7086,1.1501481675360033e-05,0.39701972806500796,0.011334757745189206
7092,2.5629403752523295e-05,0.3407233500769027,0.00183098673595199
7089,3.6842387582355607e-06,0.4089847061710767,0.015986246757876656
7093,8.141662190989807e-06,0.37560476239016954,0.007053631195448784
7076,0.0004658023319745006,0.3943322905793442,0.009947205542617549
6531,0.00011127863078924812,0.3796043680926713,0.008780625021139328
7094,4.117460821748025e-07,0.3505754710170392,0.0033647777613898745
7153,1.7856604216934146e-08,0.29181071277203274,0.00023000786224814347
7154,2.49751323111475e-05,0.38805372608271127,0.010614663592341688
6789,3.057469187236381e-05,0.3410639274652417,0.00220827925110143
7139,2.625345819283722e-05,0.40001183788964795,0.011829903586765085
6670,1.0812947293156653e-05,0.3672875110009362,0.005543136661613643
7144,0.00023571034123413392,0.43442536995981956,0.02658900319644
6154,3.3273164445063764e-06,0.3801481273339309,0.006548357204834176
7165,1.0593469842477524e-05,0.35327180654327583,0.0035133740471737594
4246,0.00014444309576349334,0.4333219673510682,0.024128179182326178
7035,2.6674524739986096e-06,0.33807086822917026,0.0020237212104906627
7248,8.578232664925237e-07,0.3461551715998678,0.002467992325405974
7193,0.0003347096284550738,0.41123806543372726,0.01528200270338508
7206,0.0019209420183049605,0.4319896335755269,0.027449767454181442
7269,1.2201353506696975e-05,0.41003788567194643,0.01478237936869711
7252,0.00011179157471783311,0.3722098619353417,0.006913678365427473
7257,1.0882615174650973e-05,0.37436844577415174,0.005690570468807484
7294,0.0009320854346180833,0.40379893221286356,0.016626876244240103
6862,7.131558315194682e-05,0.4110257587401631,0.015476465808447271
7302,6.8311364611416e-06,0.34307249124376443,0.0022516644401273374
7305,5.517732656613602e-07,0.3398023451471174,0.001745947246000137
7311,0.002163649845898234,0.4599404359790271,0.04387451372249959
2036,0.0001489665269310988,0.4111672721706125,0.015554250909979361
2095,0.00022203499089465013,0.44092130035796345,0.0334940346462892
7281,2.3540109664309976e-05,0.37319854438110744,0.00656787043733533
4164,4.026179902156034e-06,0.324388249903448,0.0010347207848267835
7168,2.5478700072127187e-05,0.3748972977615897,0.006434797614147375
7307,1.899205015355209e-05,0.3990094694351968,0.013061964669153995
4842,9.544670148610481e-05,0.41330172764130263,0.017849562044572814
7313,0.00010762909214302065,0.4368887294748652,0.026381764011895455
6856,0.00023804444117703392,0.45773681181278036,0.045781651759596816
7399,0.0004260096809698753,0.40054849640098744,0.01312515161658076
7386,1.566496022728772e-05,0.3864214017212568,0.00991825339139184
6949,6.527088644483777e-06,0.36560090066418,0.004745081606738455
7330,1.735912109978191e-05,0.37756412962995384,0.007494178941079144
7434,2.2379086662791408e-05,0.394658077336267,0.009586683121635095
7458,0.0002423915550437756,0.43027755071862506,0.022924942151147234
7410,0.0006940736493177,0.4014236443763173,0.011476427852341266
7079,0.00020666325617021367,0.41984016242557354,0.023097117503705356
7460,0.005360795810865324,0.4540818790948837,0.04315203783865057
7466,3.6933181896864504e-06,0.3921311252732044,0.010748985921817483
730,4.6468872991241386e-05,0.3590065660662991,0.003581397487309711
35336,0.00013795725494696913,0.38099707832813656,0.008511212894126218
5210,3.719914461795953e-05,0.371226404109277,0.006424056302755488
7482,9.682876817238397e-06,0.36287916803997083,0.0035940828143198717
5506,0.0005982393718957759,0.4157477256813034,0.018408907427527307
7486,8.835595237423792e-05,0.41917702422588415,0.020086751233193974
7392,0.0006644234670041201,0.4421456282930559,0.033421293148115844
7442,5.070032079678371e-05,0.4055817089555252,0.01295575487614397
4046,5.807272111225416e-05,0.4014236443763173,0.012487907533404384
7514,4.666871423854904e-07,0.3730819562697732,0.006170910518315478
2575,0.00042792907174158865,0.41109650327695146,0.018132533655799064
6771,1.624700957800813e-07,0.3689897549882725,0.004577076108266385
7538,2.4439414113162965e-05,0.4011539610411636,0.013159347976340005
47274,1.5492293289018607e-05,0.36145137470325184,0.004358186120630298
1090,1.2047281823555364e-05,0.3395608023939562,0.0020315583311075972
51,0.0037711955665078577,0.4902443932756748,0.07624418302130925
7591,6.4800071786129065e-06,0.3362149048478446,0.0018188413919884086
7507,0.0005880377617514281,0.4118052903515669,0.019041842260458228
324,1.211658872306908e-05,0.34500515441847296,0.002850864221897183
7607,5.830287751904842e-05,0.4297356394456797,0.025752740011732493
1483,0.0005280332454755275,0.45116559955404,0.035611762954671465
5480,3.752747977757672e-05,0.39576979023017195,0.01074229449622878
7647,2.4963085144111556e-06,0.358683088157244,0.0045604636225472775
7614,4.9582857093083e-07,0.36717458632422567,0.005335238571620101
7655,0.0002077220599302463,0.41387466366991643,0.019912819878591576
332,4.132265741664986e-05,0.41603739488574953,0.020752832927607937
7021,3.680862524628183e-06,0.3552157471801142,0.0030207377859676207
7653,1.0293723032901205e-05,0.34949819784007724,0.002999815382676282
7666,0.0014014000127206625,0.42206585687207776,0.022114232928142886
7671,2.1060097778334222e-05,0.41067240096958185,0.015943461898001304
7667,0.0,0.37585588111773505,0.006183676695258925
7710,0.0003404667531646519,0.39887619973932664,0.012128824352058672
7721,0.0001469084226816266,0.3874871323879117,0.012828178522770732
7743,0.0029044733323554082,0.4443666388909931,0.03810230558531432
7738,1.3365910371833191e-06,0.375900327988525,0.0057125587702205214
421,9.140902699193162e-05,0.3637080377705326,0.0047379094584943755
7644,2.8376328203757575e-05,0.3505754710170392,0.0031612671737121087
7762,7.658174308257628e-05,0.38480275238264666,0.008552052237080032
1109,3.342586325945417e-06,0.34121009771986965,0.001953335888411553
7772,8.063938380445512e-06,0.384678802389932,0.007483197081850678
7732,4.4758689975368595e-05,0.3782218026981929,0.007195092008632159
7780,0.0,0.4089023954684904,0.015378904358817884
7437,0.0003451478961118702,0.4094755158647502,0.017279586648950723
1540,0.0005294936468148044,0.4148090802429816,0.01722958115665897
7692,1.5214270369577987e-05,0.3533763402928078,0.0032192865320416113
7674,9.16024610913773e-06,0.3782817047892125,0.005714500123633379
3812,5.264956577897045e-07,0.3188028142070326,0.0006403938208813197
7820,3.0541642827815994e-06,0.3744858394542314,0.0059253682037836925
1887,0.000223671099151945,0.4006828860994947,0.014447103234704566
7845,0.00011024872340255786,0.42154442005631626,0.01795528739053808
7851,0.0004288544299796433,0.3295806104648942,0.0012493959643591298
7699,0.00015377560792755572,0.3878017022307335,0.008571262424206185
7842,5.220093864348e-06,0.36790984042499814,0.0052452006788432206
7335,9.483991256157234e-06,0.36381883991456027,0.004859606106859753
7875,1.2308543599169075e-07,0.3283572565354809,0.0011579288843123954
4463,0.0002885625486335277,0.39860992724283845,0.009945967132523076
7001,2.2210203123031577e-05,0.35712779366613157,0.0035576580808578304
7903,5.219005897058116e-06,0.3545303078579617,0.002855273368601406
7934,0.00165813185973947,0.41778392234372713,0.019096632631354315
7878,3.268179154966222e-05,0.3502156428209806,0.0020145094765793153
7936,0.0001409182362861368,0.39168099115104754,0.009800396215384838
7776,5.2630728236543824e-05,0.407588853931585,0.017145246686074818
757,6.1919145818247325e-06,0.38874848373032034,0.009640090132968262
17773,7.22629484390166e-06,0.3685911549443037,0.005010822803543761
3896,6.037528774581675e-06,0.3709957570734837,0.006673284330902849
262,2.89043877038695e-05,0.3738996061426249,0.006820273676186385
7767,2.7790520194521037e-05,0.3700760278957372,0.005578508437600803
7952,0.0001049263481060219,0.4216188321339961,0.021194284563705527
7956,1.3844368634581186e-06,0.357021029004348,0.003944598508825565
7967,2.7764293811154128e-05,0.3958353801854637,0.011132675595347143
7626,1.4601858794972705e-05,0.3747796460127236,0.006886531413150545
8008,0.005851025617604007,0.47017139449588347,0.053408305863442765
13265,0.001045853712358851,0.40345788581741354,0.014593272393297652
8032,0.0009000481542125483,0.40703317723910837,0.02059498191217421
1715,0.00015772707314402394,0.39609795755208754,0.010430948896493895
8050,5.2827924329289725e-05,0.37174640996717323,0.004606958763860723
7982,0.00015157923329957537,0.37924272531582853,0.006179699264752355
6278,8.637019699690234e-05,0.34282627874825433,0.0019650061789791297
9558,0.0,0.41871490697298913,0.020807752925481388
3544,9.194972010016913e-05,0.42020947995057845,0.020636559464155997
8075,4.979617427158407e-05,0.332841511153719,0.001420674467011658
3493,0.00029430971847153837,0.37560476239016954,0.00593144513750726
8047,4.451983277188296e-05,0.3929698394272932,0.008935162946154568
7886,1.2785551152526308e-05,0.3763149021646585,0.007244413209832607
7150,5.801064354667825e-05,0.38849555693544047,0.00935537957343417
1898,0.002395620087531466,0.45133610809506575,0.03164264447813282
36466,3.198390747144175e-05,0.37319854438110744,0.005967158566625508
7421,8.930698495513704e-06,0.3868595212243421,0.008135750021369993
8146,0.0005766998070718924,0.36063274709936405,0.004656531129602681
7813,0.00012653310216732263,0.31589349081326384,0.0005137438437445612
8140,4.0307694626197215e-06,0.38461685733318646,0.00808685237475838
8176,0.003465705164154254,0.475790972916153,0.06011580958599691
8153,7.603899470413049e-06,0.40075011477165906,0.011077764676981534
8212,0.0051435934352387774,0.4569486673118592,0.04130368060571006
8183,2.6826923593632164e-05,0.3720938906432603,0.0056129241693778234
2900,0.000183387838622566,0.39426719776148694,0.009558344547326516
8224,1.3799130926868471e-06,0.3632102621713941,0.005036622682958571
5450,2.5820773892589552e-05,0.39655830716239215,0.01162286976214098
8239,5.490977387708516e-05,0.3774447983626877,0.007421021071734021
8234,9.446127826771058e-07,0.3840602482777115,0.008219757206177273
8250,1.700707919416587e-05,0.34903853339749935,0.0024530399250952553
8246,1.750604719035903e-06,0.38729863532334813,0.009110925001491368
7932,2.9350123199859523e-05,0.3772659428272134,0.007341942279954815
8324,1.485486877210751e-05,0.38654647742985726,0.009440663578445049
7095,1.2058149690452844e-05,0.358683088157244,0.003521081502379218
8320,0.00021841455510514978,0.43537562596410645,0.028905815388113813
8381,1.2188950443561139e-05,0.406479013621356,0.012710182527925046
6518,6.920851052502852e-05,0.3575554916226179,0.0046490213045145634
43085,6.725403002348427e-05,0.40926502468113224,0.012188774918614588
494,1.1491600626573156e-05,0.353428630369797,0.0031984372728348816
1116,2.050572386730677e-06,0.3679665204189012,0.005321142967624886
8410,0.00010143536825692321,0.4175648049019384,0.0162601245279235
5734,1.924631246432903e-05,0.3892553266035019,0.00892509046618151
3027,1.304133219596525e-05,0.3672875110009362,0.004501612731243705
2003,4.0408578617904034e-05,0.38786467749903997,0.009733698486822855
6360,2.1486695943880447e-05,0.3508329441890552,0.0027887535396546887
8434,2.4226226467887106e-06,0.3786415161761395,0.006396270005406499
8441,9.216169645129006e-05,0.3676267021762487,0.006551796406855543
8345,0.00012761651003839563,0.383197606937123,0.008489677644610626
7869,9.286381509620921e-06,0.38191088647890753,0.009050866436759774
8457,3.100145245988817e-05,0.37768353637556734,0.007283416048774756
8353,2.0920393374445065e-05,0.34199179324729206,0.0022930650518322056
26801,0.0003056162242308796,0.4137312807966547,0.017355373230386467
8479,1.5070522222761055e-05,0.3695035092882253,0.005773849294843786
8358,9.297072716837532e-06,0.37442713341261763,0.006663484832433794
8494,5.620905549205143e-05,0.40169369055484155,0.01271987793908262
4047,3.436459818070939e-05,0.36638605369521215,0.005599817259047498
8257,1.9911979259783187e-05,0.39040056947353513,0.009756355518542172
8528,1.441463639205556e-05,0.39219551462053986,0.010479375941501877
8338,0.00017208431082626889,0.384864757337913,0.00877242084191182
4298,0.0005388215626834157,0.4381711032909719,0.028507197775067744
8460,3.545525307306763e-06,0.3596011267749304,0.0036355737281487965
8552,8.893614724405879e-05,0.3696178712533408,0.006128670724483123
8588,0.00037111864823856746,0.39459287692699285,0.011986956443713804
1674,0.00014507622229988104,0.42758157609006225,0.022796856841935657
8131,0.0002629256277975485,0.40021291622638877,0.01156773791763436
8547,1.755942263142227e-05,0.3930345045316913,0.01077429821320922
8604,7.413676502174337e-06,0.3839985022570881,0.00738930957250006
5081,0.000155495556069806,0.385734929592876,0.009409077837385878
3875,1.3079719454897824e-06,0.32224375121952076,0.0006632363167839156
8012,1.5109986185151846e-07,0.3612327108347078,0.0038414133942827207
8670,7.786142439909487e-06,0.32098786238934124,0.0006487164813624488
8676,0.0013979102188864969,0.42742854045080314,0.02473801731994386
8680,0.00011498853494106191,0.4088446908659856,0.01762941992362364
7108,3.56248675035781e-06,0.3695606814233464,0.005909300385064388
1094,2.630992164405645e-05,0.35927657702152344,0.005360651565267969
3401,0.0003906818750237126,0.4022348743750569,0.013709327864831707
8719,0.00017337502366260014,0.3794234605304349,0.008387057954398466
8621,0.00015379402053406215,0.3718621647266212,0.00580780287080237
8726,0.0002656819176321247,0.3839367760872991,0.008477343115928012
8725,2.1650468609524622e-05,0.4046198007858865,0.01220629452346402
8739,2.5789875207199448e-05,0.35093603938276346,0.0029667157844240765
8755,0.0003193126107726415,0.42117275331318776,0.021749257615071696
8761,0.00022145144519352842,0.38063277833292236,0.005783846922708719
8769,3.416935768305761e-05,0.3624386470469026,0.0034098547365046896
7868,0.00025783972151739276,0.38233883208565517,0.00892122744254811
8733,3.217340636739569e-05,0.3858595612341014,0.008322208079683088
8789,1.0729127561351715e-06,0.36526543569950876,0.004529250871814267
8811,5.5757252142508995e-05,0.43269396449983477,0.02451268256159185
8824,5.236337641331561e-06,0.33508286813118515,0.0016170635680261035
7443,1.7013911767112122e-05,0.3539523835268358,0.0028355487444847514
1580,1.1697163966875825e-05,0.3692179137485064,0.00487013453268888
8857,0.00012795785158633397,0.35072990955052685,0.002794128022975771
8867,8.586526103565232e-07,0.3881798608872238,0.010257747448900074
8736,1.002186626709382e-06,0.37366562641412515,0.008200161120206922
8871,6.746229734570487e-05,0.42065351955602115,0.018947021302279217
8899,0.000453132095019793,0.4018964637454296,0.013225204758362983
732,4.159696545554027e-05,0.3572346222014789,0.0032223452001340987
8133,0.00030774158134442414,0.39206675706485355,0.01191949963122015
8103,0.003273969720108892,0.4587919101112347,0.04293715765507047
8906,1.92111053434819e-05,0.37284899844506525,0.0061996835952038585
8779,2.264978391159705e-06,0.3763742017080189,0.006762476749997003
8914,3.886646440284737e-05,0.3441600409278225,0.0030983410332385847
8916,7.945671213867572e-07,0.3597636216356512,0.003378428280664105
1061,0.000978589214305472,0.4118052903515669,0.015888503816941593
8933,8.856391992375653e-06,0.36232868386515293,0.004485688902334825
8938,8.314461965246627e-06,0.3920024099850793,0.008755005986234753
8794,9.560707872970473e-05,0.3925822952069507,0.010566047852748076
8955,6.679046805449711e-05,0.3764335199431187,0.007033273167402977
8887,9.111505420666495e-05,0.3813011947699693,0.007692039143699673
39719,2.4125876291012213e-05,0.39084776371119095,0.010154077759476313
5295,6.787341146967608e-06,0.3707078510071532,0.006065324159857886
8923,3.443432291940666e-05,0.3607961758367202,0.003834399284213806
4106,2.873365555810385e-05,0.3579842152336763,0.004012383640607499
8977,1.0174372473419281e-05,0.3435659787167848,0.001981641273666663
3891,0.0004799904434216851,0.41917702422588415,0.02075676441474997
9019,1.0199110159891471e-05,0.3797854482491792,0.006823305834192313
4433,6.415267117607322e-06,0.3943322905793442,0.009977494748538283
9062,0.002606930054853602,0.47324562790550584,0.0540825027684246
3711,0.0006909699046520125,0.4456102022460985,0.03148417110785952
9068,0.0007744854036115361,0.4281948160701126,0.021598704399743537
9072,0.0067991378623219936,0.4571235758926484,0.04064361082662532
9093,6.742853060571775e-05,0.40448275766961694,0.012565336479547088
39082,4.320264193624782e-05,0.3938770916951002,0.010439969314697622
9102,3.056790599655238e-05,0.38197196290406016,0.007206744586305631
8991,7.631374481128792e-05,0.4015586220644061,0.014529384348289568
9124,4.419868323834365e-05,0.3603606946347447,0.004524005285183759
8847,2.0422707083079298e-07,0.3596011267749304,0.0038351323868361167
8799,0.014790851685882938,0.5044288667453195,0.08633888361307387
7867,0.00016178366806954893,0.4216188321339961,0.023737537670019886
4903,7.204619721874656e-05,0.3939420557544265,0.010966373685070321
36814,0.001060349921868263,0.43545500164796497,0.02425291319086969
9161,6.206218515692005e-05,0.386796871909164,0.008584106365630567
2234,0.0001658414409374711,0.4135879972362057,0.017843537937732065
9141,0.0,0.38730450484588386,0.008349257926031299
9187,5.202328113530964e-06,0.3718621647266212,0.006191898405208501
9197,9.469084154429939e-06,0.37436844577415174,0.005526947374983034
35416,0.0025320686509214176,0.4499756375356232,0.04214532134506229
33841,2.933334247355522e-05,0.3820941743783536,0.008770913615400526
6570,4.484270732308099e-06,0.35879084933740246,0.0033001678464973923
8430,0.01001683520933488,0.48516568840932117,0.06088965755604771
8590,8.21432123449385e-05,0.3961636563342325,0.011125321742543832
9114,3.6557975699252155e-05,0.35165940577725086,0.0023089434847224743
7631,0.0004075215312593148,0.3918094954132362,0.010257675314486136
9199,0.00034323897241643464,0.3922599251172751,0.009105151016472092
9189,5.86991456987012e-06,0.38362844266609186,0.008021004863820907
9246,6.229045630893751e-05,0.40027998726983205,0.014337206432958827
7979,5.408878420395181e-06,0.37756412962995384,0.008114961762154784
9248,1.3587508927708016e-05,0.3751328229996997,0.006328490951003504
9211,1.769112156471611e-05,0.36437386484196616,0.004673899083875326
8472,5.542645456210363e-05,0.35712779366613157,0.0033255807564984176
9245,1.6692329928632122e-06,0.2910639390737373,0.00016181671456597582
9317,0.002325520030878507,0.4530483088086282,0.03657392769139988
9300,5.0705659075226344e-05,0.38142297732978087,0.008117180455170033
9305,5.208023391143749e-05,0.40800660813786943,0.014194693459135859
8737,5.8753819255924065e-05,0.3750739139508618,0.00635033327266308
9154,3.960216233766013e-06,0.34903853339749935,0.0026338676702253937
9390,1.5919107312479206e-05,0.35171118893227626,0.003294792443032515
9379,2.2658140501090186e-06,0.36030633338951396,0.004446263363971136
9404,5.1736014860041095e-05,0.39642666955005607,0.011226736767705515
4987,2.8704157333895158e-05,0.39110376355642507,0.009648280909544817
9417,0.000924039158144399,0.4466936009050099,0.03402744369204233
9422,7.611482010587771e-05,0.36437386484196616,0.004366924335745773
7521,0.0004743658944216987,0.424692511386751,0.02206010835921779
9313,1.571891776763083e-05,0.353795094658434,0.002761373479032318
44739,9.37258334448499e-06,0.3562223242414747,0.003619134813239869
9163,0.0002543960073977857,0.41954517548552395,0.021245566994826225
8134,0.0001233366473218869,0.4192506027802506,0.020136408151711277
9455,2.8292638325470463e-05,0.3760186845149697,0.005896081571014202
9486,1.4440216128164037e-05,0.36996138228610403,0.00514161030130693
9492,4.670107935378664e-06,0.3896363269231791,0.00929196735247276
9501,9.976644049295374e-05,0.4126590677330836,0.016804200784052023
3680,0.0001728602246867085,0.4153139774020323,0.01812212924276567
9504,6.5495721695048715e-06,0.37174640996717323,0.005811264613517724
9514,6.382858993008511e-05,0.39887619973932664,0.011618713607940485
9035,4.3520288646559654e-05,0.41452111836846367,0.01936538303396889
9534,0.0002870562080483093,0.42750504457474275,0.025601693117973844
9545,4.963117245738613e-05,0.37572293283610003,0.006827600272724479
9552,6.787342931156848e-06,0.4055128495821881,0.012925675122309195
8363,2.6286000045654967e-06,0.3709381400899345,0.005312774923152536
9586,1.9088015821574883e-06,0.3777432680751365,0.006487797127258069
9564,0.0005429223850737543,0.39734997239046543,0.010586887969946931
9617,8.914893924486122e-05,0.40027998726983205,0.012535930674969465
9342,1.8529800191573157e-05,0.3605238768360888,0.0036865469072777765
9645,5.233664834952956e-05,0.4029134082387125,0.012081626594431166
9652,0.0005592146774510469,0.4267412335249398,0.019427708405682524
9658,8.389760623714382e-05,0.37128411068538597,0.0071117117204659835
9672,0.0004167087762585987,0.4182228478443509,0.018421885666321306
9684,4.262899961757531e-06,0.3455542077602847,0.002399638692993874
9716,0.00025240624358921043,0.40359423522120447,0.013414928014087973
2763,1.2814363657996636e-05,0.3943974048941691,0.009042503312148576
10076,0.00648125968990045,0.45625036944395186,0.04684328731398802
785,6.279903541572636e-06,0.38032972675781657,0.00692080630981997
7408,6.445479697459918e-05,0.39695374506217185,0.010751164686365978
2225,4.0304116033812295e-06,0.3654330911932509,0.004681503428177811
9769,1.1382094022285718e-06,0.3852993521598787,0.00908128679399683
1193,6.98490157480131e-06,0.3806934466112668,0.006795850653996594
36067,9.692098434683637e-05,0.4234877099360085,0.023216559985045612
9776,8.496383266142528e-07,0.36315503786514947,0.004702996206627895
9800,3.205066366160051e-05,0.38931877490449684,0.009040468997408993
4167,8.328527870544241e-06,0.36437386484196616,0.0039105013040878255
9471,1.936153629816756e-05,0.340383452193115,0.001623257659210594
3593,0.00012279358390836792,0.3733735632388757,0.005214683637462058
9850,1.635373151799435e-05,0.3626587737684616,0.0037968099885070518
9878,5.339473018401144e-06,0.3665547397236169,0.0034893707132079826
9891,2.6998314789995688e-06,0.37088054099985834,0.0046947031944814775
9024,3.868554641484305e-06,0.353637945519557,0.002412607621382975
9401,8.628944358425398e-05,0.4066174130131236,0.014034297519072937
9919,4.861222264645559e-06,0.384864757337913,0.010015656271551801
9924,0.0016350186486941616,0.43269396449983477,0.025935991011358815
9927,4.335712133492349e-05,0.3422858532586827,0.002192561579225508
9712,2.513099899054403e-06,0.4125877844254773,0.01353314878709328
9942,6.578860464019488e-06,0.36571285929246483,0.004274011694231519
9944,4.33139330870246e-06,0.3730819562697732,0.005854021420616261
9928,0.0033601515528031943,0.4478662448976351,0.04045100342350673
9960,8.461589883099717e-06,0.39206675706485355,0.009950649180351103
424,2.764350084812572e-05,0.36694894515887044,0.004490618526203781
11705,9.760097018030597e-06,0.3754276460294071,0.007525696375294533
35840,0.0008483594028551464,0.39335814954530435,0.011599646025212346
10007,7.664064867669172e-05,0.41902994456826104,0.016505031283148543
5287,5.338405918561985e-06,0.3727908044387526,0.005475266825720511
3462,3.474795876224e-06,0.34396179205632027,0.002338032581508765
9962,6.6446958059290935e-06,0.3765522125238985,0.006412370440605836
10052,0.0,0.3774582984223583,0.006187341647744512
9565,2.6209295929408236e-06,0.37436844577415174,0.005294913661187673
10086,1.6929618515878213e-06,0.3577161425848567,0.003754131350611947
9429,3.2543939543984195e-05,0.36205406761241293,0.004069478351815703
10095,0.0007412525191538956,0.45598905766305614,0.04106099029519691
10105,1.4081995484260832e-06,0.3676267021762487,0.004098618664495654
9896,0.0008607923208346022,0.4527048301817832,0.041256514202017286
10106,3.157511284077901e-05,0.399543439953009,0.011870358361569931
10035,0.0005959574760078822,0.4406772479776915,0.02384055831537889
9458,3.268261821471822e-06,0.3654330911932509,0.0047621502437889835
477,2.406351891190179e-05,0.35285428926563567,0.003508258846684716
392,1.6327648209759524e-05,0.3685911549443037,0.004459552842001633
37691,2.213695190980304e-05,0.4062024972855591,0.014745923502293682
10059,0.00015043655787879488,0.4253732295706301,0.020110714881772636
8843,0.00022137386147427968,0.4040721847469274,0.015926327157128873
9871,0.0007246522292778429,0.4040721847469274,0.013721049557356098
7341,5.4234086412836796e-05,0.389191898979809,0.011239355748821771
10194,0.006965489240816568,0.472870854096038,0.05260466434089852
10206,9.933222510793653e-05,0.42095006768401266,0.019312825502589864
10217,0.00045775289334879817,0.43136548384307166,0.026332505686132913
10227,0.00010012700831520678,0.3626587737684616,0.005285097847702917
3409,1.719558317915691e-05,0.38075413423227933,0.006917126685936261
5896,2.1374478653880528e-05,0.3834436802117656,0.007963240378192803
10238,7.007620445442099e-07,0.3510391951850511,0.002201438032511767
9840,5.84986806807068e-05,0.35233377843916325,0.0024832107247494584
10203,0.00041182877431014014,0.3230719172242781,0.0008708470713259606
9858,1.6170167906048968e-05,0.3701333773499284,0.005992550776959514
6005,1.0736244865539639e-05,0.3700186962105481,0.005835234640905538
9842,5.341574301563667e-05,0.36751356886276165,0.004864282280169263
10290,5.122367520648168e-05,0.39981096150637563,0.011069364515374899
7110,2.7488001006002395e-05,0.39232435677383176,0.010817759582654312
10299,2.4711975253888703e-06,0.39734997239046543,0.011374682189161324
10280,6.8839472904087456e-06,0.3764335199431187,0.0065107426091057016
10204,3.153269399420913e-05,0.3900180738143514,0.010081105377115982
10350,2.515677052541652e-06,0.38362844266609186,0.00871188235410485
10330,0.0007656357029439906,0.43105408482928853,0.02442029363326825
10335,1.148594108646881e-05,0.35052402172572467,0.0030601676805101655
10365,2.9636234228766366e-05,0.40332162851048425,0.01361623597948007
10400,0.004936341819597693,0.46450227227520186,0.044092807295658336
10408,4.727131236672243e-06,0.3555859288430978,0.003185900309517606
9022,0.000490432681211254,0.39914282821508823,0.011840319340635421
1574,8.793035366000467e-07,0.3701333773499284,0.006185758120711774
10458,2.358602647948193e-05,0.37858150008544744,0.006792536653176965
10461,2.2603736975650254e-06,0.37756412962995384,0.005840022949949248
10481,6.934190584852934e-06,0.3705928136600602,0.005348560247950299
10475,0.00018932846019986967,0.4062024972855591,0.015224792986314867
7646,3.143187619595372e-06,0.36802321787967457,0.0055495201856398755
10503,0.0035459831782257965,0.4748450664093614,0.057528781074702336
10046,1.3108149312433544e-05,0.37495615134051613,0.006462763381212513
10366,0.0032433077987316108,0.47054189992889833,0.052677124724705704
8784,5.188491311955876e-06,0.4016261449536048,0.00959286950196685
10537,6.17237125761275e-06,0.35358559349209295,0.0028751233571371404
5328,3.1648664909081732e-06,0.3492426793448001,0.0031485124735191753
10072,6.122483952556935e-06,0.3854237024429704,0.00808890041908726
23873,5.223407664863579e-07,0.3594387786364316,0.003544049319620808
10613,1.2954302397572989e-05,0.3828904591277794,0.0066040803792512676
8419,3.281943019760738e-05,0.4295038093938299,0.023062191420400318
10614,4.422141043183789e-06,0.34535434991889646,0.0017236031782436284
8699,0.00031240717064695875,0.41917702422588415,0.01926671678900343
10583,5.410668690210171e-05,0.40863484756870627,0.013186953863079642
10231,2.7878662895573956e-06,0.3545303078579617,0.0022478640209933507
10632,7.647863544334828e-06,0.3557978078413657,0.0029866324408942577
11054,0.0025349108072399117,0.44230938593316443,0.028473807757364408
10671,3.84852867807878e-07,0.34797067075161536,0.0023240604403552147
9793,5.076355591970612e-07,0.3709381400899345,0.0047925859914945005
2893,4.494829664660166e-05,0.4080763171090189,0.01499703275711986
10698,6.25270470639247e-06,0.36773990516383187,0.005341777434002207
10708,2.220941518198899e-05,0.3696178712533408,0.0056852663075242504
9003,5.574174647890767e-07,0.3692749975323265,0.0052113696334352465
10718,3.584674948432093e-05,0.35916852391565235,0.00402906752668499
10744,8.041923761544496e-05,0.38424560554039383,0.007166212655046351
5873,1.0921350937235319e-05,0.38443114180574406,0.006962531035646114
10758,6.029216390441508e-05,0.39420212642995345,0.010199557269221882
4760,5.248609033910568e-05,0.3990094694351968,0.0112835436908151
10610,0.0002107606318799782,0.38855875777437576,0.009395830439175105
10774,9.000310410445677e-05,0.3930345045316913,0.010173863313340945
10775,0.00010290986358730716,0.40482553966764206,0.01566835978574224
7504,2.245214632858929e-06,0.3796043680926713,0.007268376570809951
10773,6.739702455778623e-06,0.38480275238264666,0.008221028774787325
8452,1.1282834982273409e-05,0.3764335199431187,0.007549577054674205
10675,6.991699734268247e-05,0.39981096150637563,0.011433476382021784
10779,6.207337375641118e-05,0.3786415161761395,0.008067190343103225
10819,0.00040469195065245014,0.37870155129841254,0.009930806946163254
10820,4.029256816149978e-06,0.4018964637454296,0.010753502909467859
4137,7.437735041863178e-05,0.35728806043965416,0.003901769682594044
12120,0.002793431376879844,0.42989033190048376,0.02413677545978869
10849,1.70431898633216e-05,0.3474644579632074,0.002756090640310099
10858,6.295864662500613e-06,0.3788216786739236,0.0070153086708372794
10862,7.86761062760062e-05,0.3833821322695165,0.010204836929691086
10876,4.09657515513323e-07,0.37649285687879697,0.006027816937186443
10909,0.0037025821469946155,0.5047486652660794,0.09285154123625643
10918,7.887581317850286e-06,0.3706503234076797,0.005065159655517797
10580,7.28300578134631e-06,0.383566835400528,0.008914319468234835
10931,1.1960290026448396e-06,0.3617798673188561,0.0038495450952061114
10427,9.414791411587125e-06,0.3531151218271863,0.0032112786429727594
10941,8.851992219086518e-06,0.3711110447543642,0.004366849491572579
10946,3.0466891825130623e-05,0.3989428234573389,0.01026592341249584
11002,4.195017877135361e-05,0.380572129388,0.00818175496519964
10134,1.3505475162101687e-05,0.3835052479189287,0.007752051721890293
3525,7.100414835734346e-05,0.4014911218757922,0.01422025753054267
11011,2.0790911815002685e-06,0.34690932230052113,0.002312804270345261
11016,0.0006177440340351657,0.4372086187148248,0.029120212139961993
11009,5.275705185127383e-05,0.3755457050375925,0.006524464493967964
10251,2.8719225291542248e-05,0.3806934466112668,0.00878844662918888
11028,8.297327098875187e-05,0.38592190726112263,0.008655327540206167
10881,1.0119370403517781e-05,0.34376377145064596,0.0022085232384574747
10867,4.606475217669167e-06,0.3595469944361114,0.004222189336653264
9310,0.00044814745405415195,0.3878017022307335,0.008350383262818927
11072,0.00015179076010148822,0.4302000511597781,0.022436473074069575
11056,1.531126243922848e-05,0.3925177788067523,0.007647684382237091
11081,0.001190586015187119,0.40027998726983205,0.013051763967094166
10903,4.590221409347606e-06,0.37667097997777765,0.006068026123419398
11108,7.85725964089227e-05,0.39550764763025137,0.010536797869752536
8646,1.418112507216015e-05,0.39596662533804505,0.011553933948230097
5263,1.0073366959904082e-05,0.3577161425848567,0.0037737408102912016
4720,0.000981865629964867,0.4191034714930844,0.01915476443114699
11142,0.04800440665592966,0.5313616649697637,0.11909283666303792
11176,1.295891038156375e-05,0.3707653964667942,0.006157868784566203
2056,9.416143876072758e-07,0.3605238768360888,0.003377077082485499
11178,1.0808469503885741e-05,0.38938224389290643,0.009640785679080466
1783,2.623970905208166e-06,0.33219341919876044,0.00118207827554042
11206,2.2346538908411568e-05,0.4016261449536048,0.01330542954749893
10368,0.0003206757080118902,0.409826816067105,0.01562311737685028
5495,0.00010421723465358565,0.38039029846139316,0.006548505065551017
10446,0.010065242735614573,0.49399600497189,0.07071286397967363
10712,2.29616564009999e-06,0.3685911549443037,0.004537645330283881
10920,4.208868784318634e-06,0.39629511930298456,0.011074334513044163
11146,0.00014905693912468267,0.406479013621356,0.01384402589345653
11266,2.5366490963015357e-05,0.40182884993928125,0.011459682646623937
11286,0.00046933014268058854,0.4430477989313834,0.03151933890913732
9946,2.1032186127362642e-05,0.36548901056451233,0.004703152635717328
10898,0.0002637846547446258,0.46333087954201513,0.04442237577958783
11260,0.0005459071611149367,0.4105312279200907,0.01446983568977041
11300,1.868663463362616e-06,0.3600347729935315,0.004954099847663026
11264,7.967290294442276e-06,0.3794837438892736,0.007204197667420405
36720,6.032976906686494e-06,0.4126590677330836,0.01572709509570891
11317,1.5263542717856742e-05,0.3889383950560313,0.00903355837329838
11318,0.00013586656511445258,0.3999448566709792,0.013683514705062178
9581,5.257486828552944e-05,0.38505089215526167,0.009466154061663411
11124,8.594452563280379e-06,0.3542148426574356,0.002964671678849517
11394,0.000422064954199527,0.43120972811682395,0.021500626806324294
11395,0.00015510997235207097,0.4188095185058895,0.02230745017931173
10333,5.685460983940826e-06,0.3874242796494871,0.009442527588895511
5587,0.00011049444710728948,0.39368232801039854,0.01333622316461789
11439,7.727522035968167e-06,0.4018964637454296,0.01258015764947588
11449,2.057353310750965e-05,0.35970944036733254,0.0036482055778246807
11167,1.2213749139854591e-06,0.3457042530089865,0.0020754370401097405
4415,4.263725399017971e-06,0.4008173660075664,0.010667026561975042
11521,7.466229214591607e-05,0.4030493898142234,0.014291030208694532
11552,5.067649145797513e-05,0.3897634928262219,0.007698303848483513
14726,9.320399499275692e-05,0.4278113351314863,0.021799141699397024
7409,1.833407855098925e-05,0.3996771559637028,0.012743559582684319
11570,4.206904316807417e-06,0.3833821322695165,0.009312939328879612
11576,4.906495963561759e-06,0.3680799328153934,0.004820949505025221
11618,2.1943519805049186e-05,0.39123188927749186,0.010244403996054266
10265,0.0004723610428889982,0.4062024972855591,0.014947324945697893
11417,0.00012524748874290345,0.37116871546838975,0.005982804534477343
11640,0.0001871301990479856,0.3926468328191826,0.010094597364899259
11100,0.0013904452359204766,0.44043346561664903,0.025127512505304195
10454,4.248286324127504e-05,0.39557315071863003,0.009830495269109757
11727,0.00013027239276072096,0.4029134082387125,0.011977078668768392
5708,1.4975520076114202e-05,0.40001183788964795,0.011044812226108109
11504,0.00037094290971426635,0.4515921126940987,0.036240664621394
11716,0.00014273358507262528,0.36205406761241293,0.003915522071149736
11765,0.0016740251157244491,0.4685113150331675,0.049548071385931834
8508,0.00028667121715350086,0.39040056947353513,0.010631430540272935
11332,0.0005047120679362798,0.36337603591040435,0.0034058120916532608
11768,0.0001255519587585954,0.3584139681931404,0.003991043133846803
11262,6.592775368124673e-06,0.3440113328588633,0.0022027857345382072
11846,0.0004180689622226134,0.3871103215622509,0.009190557354244124
11847,6.426775472794237e-05,0.36893275935111025,0.004702104725670895
11853,7.3040044467240456e-06,0.3552157471801142,0.0033598040438768523
11771,8.51632574896573e-05,0.36156080593991646,0.004551942224728658
11885,0.00010374018978290496,0.3920024099850793,0.010045849323094361
14447,0.0005986672257150621,0.4216188321339961,0.023684624815890124
11919,0.004680413128071073,0.45167751211026624,0.03743036624129422
11542,2.2325356454553747e-07,0.3514524255501895,0.0029947277258601667
11920,1.773371582152305e-05,0.38191088647890753,0.007847249648089418
11926,0.001374483369623824,0.42567647193710356,0.02358621905947852
11928,1.2601694690649568e-05,0.36677989619764867,0.006329352227991171
11682,2.8511557176491887e-05,0.3583064332491881,0.003294814269741063
11947,1.7250178729493078e-05,0.38387506975877334,0.006766485515054288
11964,2.1645530189114963e-05,0.35093603938276346,0.003367572784952295
11966,3.338447595882469e-05,0.40654820153856813,0.01214835480338637
8932,1.7948011342380497e-05,0.3720938906432603,0.006559595957583218
37021,5.533681787363984e-05,0.3996771559637028,0.012743630633975008
11825,2.037835535867402e-05,0.37756412962995384,0.004980788587756612
12082,3.8368905545145294e-05,0.3647076933942721,0.004591250755439886
12088,6.378739307270098e-05,0.36145137470325184,0.003458769092368762
12087,4.946231265148957e-06,0.37750445456600096,0.008522370956849299
12104,2.887359296460593e-06,0.3321472234792224,0.0010704663788366712
1992,0.0001694467866683826,0.3804508894614667,0.007416035186981638
12106,5.157812255253731e-05,0.3797250690046245,0.008188627347846896
12107,0.000484975624824487,0.41567537139559485,0.019331276300778653
12160,8.256637179550472e-06,0.36046946635060184,0.004783949291978096
11134,3.074436956795809e-07,0.37053532175598636,0.005581280689618022
12166,0.0019522089701278357,0.4125165257407751,0.019717374379299227
12178,0.0003667514657140608,0.4252974864741966,0.019924137230918102
3928,9.976843553989346e-06,0.3572346222014789,0.0029774279490020826
12192,2.540405231866467e-06,0.38221646408050697,0.007721619000740772
6121,9.216192410026156e-06,0.343912265520387,0.002513813186220518
12205,0.0004813603858863631,0.3859842734387666,0.009144139414583296
12176,0.0007932095862462423,0.4414102169726646,0.03254983866090567
12223,1.9248328966511807e-07,0.349651688484715,0.0026155500063311608
11877,1.293875857658264e-05,0.3611780861997714,0.004037398588531235
12312,4.81864047909669e-06,0.3720938906432603,0.005143474791243037
12064,9.911499397015166e-06,0.36588092586383086,0.0041434060598870195
12249,1.1533921964535594e-05,0.38430743106019116,0.00852375136471848
12260,4.252364119004958e-06,0.3707653964667942,0.004676833450865162
1937,2.7881238510580313e-06,0.35542718512486426,0.0036785408596345446
12289,1.4354544303729932e-06,0.3580915568274495,0.0028529993527009767
12337,9.334438083883388e-05,0.40034708079770165,0.013872241160527389
12336,3.768806943025549e-05,0.3709381400899345,0.005166240558353984
12357,0.00020957043349729783,0.3699040861141533,0.005012226823494889
12362,8.861563422059372e-06,0.37846152496261887,0.006194124018511825
4129,8.48616855409319e-06,0.37990626436123553,0.005846529012368102
12310,0.001635298641052413,0.4425552499609205,0.03224305029982809
6761,2.180038785262388e-05,0.40021291622638877,0.012423608733034861
10174,1.2488159981831747e-05,0.36205406761241293,0.004123617456969055
5831,7.407378265058389e-05,0.37708725671599114,0.008165228522419512
12366,5.163745919759644e-06,0.37613711559670676,0.005658013275369513
12418,5.055168833122039e-05,0.41741885425359804,0.017257124431367576
12434,1.3689562046210884e-07,0.36785317788989497,0.004144575262281597
11786,0.0006454459310912262,0.40989714845359326,0.017715005167365086
12486,1.2022715731545304e-05,0.37560476239016954,0.006614176007534067
12466,4.573131565002453e-06,0.40613342697484917,0.014193591047065506
10266,0.00025399425914909363,0.3920024099850793,0.011040360566608192
5550,7.490850565984582e-05,0.37876160546132065,0.006674446721279057
12484,2.3446481463271614e-05,0.400884639818578,0.01296152636998003
12498,1.702843685070787e-06,0.366723581151403,0.004941927946583446
11828,2.185323221008573e-05,0.38799068941505654,0.008909303127094755
11059,2.1257779292499024e-05,0.3831361379594302,0.008989194595900049
12518,8.804503029348916e-06,0.3978132385141719,0.010203913487217676
12517,6.267222892381508e-07,0.3639297095899875,0.004229415657299533
9915,4.201834480586957e-06,0.35259384175362973,0.0032695415830279136
12301,0.0008166418795892296,0.45905644513532345,0.03950975141704911
12482,0.0005605304626137145,0.4231126101043557,0.02230894147101415
12489,5.681835053905754e-05,0.3813011947699693,0.00856414918604598
12547,8.160659401712018e-05,0.3579842152336763,0.0047830587333935635
7709,9.624710913841367e-05,0.38480275238264666,0.00801050643522352
12595,1.7455696355991108e-06,0.35600993949010107,0.0026169668541302
12597,1.849702285162611e-06,0.37042039144526795,0.00551415760299651
6770,2.704412906832342e-05,0.4108843426869238,0.015326593138301274
619,3.3818507146756516e-05,0.3951804573195049,0.012688685911773417
12610,0.00014582055652005452,0.40237039825456333,0.013138537798037777
12617,0.0008203393635382778,0.4169088294709527,0.020744978862576202
6822,6.115796006943691e-06,0.39110376355642507,0.00843667478541271
11632,1.258130692777616e-05,0.37174640996717323,0.005145639854493802
12481,0.0023487354971207393,0.46154022879982376,0.04136137310516694
12643,2.8513018326476925e-05,0.37566383832008304,0.007146521966297179
12660,3.4499137299200996e-05,0.3384061609576492,0.0016360726661348464
12664,0.00042523439767630744,0.4102491727995685,0.01480056919925189
12674,3.356734566948297e-05,0.35981781922854594,0.003207793226489149
12198,3.4204430582888493e-06,0.39459287692699285,0.010225674710659242
1222,3.2919311343588356e-06,0.33560077055488097,0.0011494804284458851
12705,0.004267207250391134,0.4446147959864274,0.032253157139332134
1778,0.0003989497259035299,0.3737825796618291,0.006090769916539058
12669,2.4528043627677144e-05,0.3897634928262219,0.009706660823524397
12734,5.35000773876364e-06,0.37786278817261315,0.005709899385013856
11541,7.978803904404775e-06,0.35927657702152344,0.0039124039792752426
10701,4.585528139514504e-06,0.373490333704314,0.005511862413375864
12772,2.2519507915839666e-07,0.35992626341758405,0.0036566620021847196
5017,2.2370790212827628e-05,0.3953112684606236,0.011240404575488552
10811,1.0601051790210037e-05,0.3630998303495117,0.004628104006828795
12823,5.626025738539541e-06,0.3773851610110741,0.0069387952696412635
12832,1.3986705318425248e-05,0.3952458520667033,0.013002099638864114
9550,6.154250556129368e-05,0.4188829680882301,0.018005148503729695
12826,3.1412720074905305e-05,0.3796043680926713,0.005690977556752354
10828,1.0430862448466019e-05,0.37572293283610003,0.0076153241476651186
12884,1.9008344780997794e-05,0.38032972675781657,0.006896729291724197
12905,3.664681332251028e-05,0.37174640996717323,0.005382143008539467
12909,2.8306253335251714e-06,0.383566835400528,0.00675054668173593
12898,0.0002057072092409273,0.3709957570734837,0.005219443401569162
12922,3.908476261595143e-06,0.37732554250222555,0.0069994262003184
12757,0.0001233464996615669,0.4153862059198414,0.018213918843784406
12806,4.1129773570750376e-05,0.39309919092150886,0.008820430107340833
2698,1.895462967347778e-05,0.37649285687879697,0.005021304857196369
12978,5.059972953757958e-05,0.3843692764787718,0.008947152848054295
12981,1.2263353505476339e-05,0.3700186962105481,0.005602035221450096
2377,2.483891485573068e-06,0.3875500055231361,0.00916920346254104
12983,3.880597920393275e-05,0.37128411068538597,0.004604529170239033
12976,0.00012965546818927308,0.40523764574806376,0.012732653641529715
12858,0.00043115732584455885,0.4145930713485659,0.015340284793976935
13027,2.1793521555695584e-05,0.3693320989700151,0.00515838255857116
13024,6.426287459775027e-06,0.3562223242414747,0.004085373176058044
13070,0.0003536963671885284,0.4157477256813034,0.0162044110430306
12996,1.4934269421175829e-05,0.37472084782539816,0.006219979241914023
12259,4.7286319709022464e-06,0.35927657702152344,0.003142688920529375
11228,2.026608984234866e-06,0.3827677378267769,0.0075113902715174576
13061,1.0661974979037138e-05,0.3401410828879362,0.0014907995270726719
13099,4.574366196320365e-06,0.36996138228610403,0.005831199367979207
20038,0.0006047409497239897,0.40061567997971953,0.012332095791217381
13113,8.149788136634797e-05,0.3869848807581154,0.010492107666357452
12039,2.4059218634409576e-06,0.3801481273339309,0.006832166712168929
13108,1.7479310386980634e-05,0.38592190726112263,0.008240643113343124
13093,0.0001802297159697108,0.43035507820524105,0.021281200135675138
13119,5.2260007391064206e-05,0.3707078510071532,0.00716528520800888
13132,7.666239545019512e-05,0.3929051955978102,0.012181213943605176
13139,2.162354749756312e-05,0.3881798608872238,0.01206941671371471
13059,1.4695007984196057e-05,0.34145399342946214,0.002461480256349492
12653,1.4962364284389792e-06,0.38654647742985726,0.009062072799165882
12261,5.201450270530521e-06,0.35405732049200833,0.0026399522615595493
6301,8.173752355443436e-06,0.3859842734387666,0.009991349299331754
12965,1.1490471745468821e-06,0.3760778907320246,0.006222878310099984
13218,7.458125006563344e-07,0.3569143281588595,0.003342291970617627
13223,4.276778400810957e-06,0.3482243306661449,0.0017512016437186062
13121,5.673446326097216e-06,0.3754276460294071,0.007459551289928816
13238,2.1557499810866906e-05,0.40427736696667027,0.015812312731744042
12383,7.250456333598079e-06,0.33616758396046276,0.0015887739898456205
13249,1.4638054395682365e-06,0.38692219083737045,0.006682246364450865
8379,4.268919288675295e-06,0.3661052550642379,0.0042739183986293386
13244,7.991221389126693e-06,0.39161677062454303,0.010311744230457647
13277,5.142729348740398e-06,0.3627689374299951,0.0038918120140614795
13356,7.446104387023236e-05,0.3733735632388757,0.006230024202276979
11661,5.1665460935412505e-06,0.35468825126805587,0.003994914410714168
2189,9.656098009670469e-06,0.4109550385476751,0.014424803083365596
13381,2.257226356766098e-05,0.33205487057404254,0.001251869838851779
13441,0.0008070453668190663,0.44271931122133235,0.032350273440216834
13462,3.7736423113378446e-05,0.4114505915657344,0.012656553327847021
13473,1.7196195678546602e-06,0.3797250690046245,0.006517654772205642
13475,7.208346147868937e-06,0.3475150129549088,0.002616556127183912
13480,8.639460369605381e-05,0.3914242353390836,0.00905978431879356
13481,3.835766850150921e-06,0.3552157471801142,0.0030418642958687475
13488,0.0,0.36478611382707077,0.004323826376008907
6429,1.8785851624298572e-06,0.3531151218271863,0.003585082541349457
13431,2.591138385484834e-06,0.36938921806976305,0.0046994633182015026
13552,0.00020722952518983036,0.39675592758124384,0.011509147911069113
13566,3.0382162469772727e-05,0.35280216898657135,0.003120804730415064
13559,6.214813569279565e-05,0.40216714666426806,0.013099581489614303
13302,4.672441333377108e-05,0.36409614085961706,0.004911132098159096
13168,0.0005425103956504773,0.396360883511299,0.010262440826015296
12722,1.4110515822053967e-05,0.38381338326194564,0.008175961593513331
13400,1.9385978885111632e-05,0.3649305857966521,0.0034130320658325784
13625,0.0001463520921372454,0.4249191752426771,0.021217697436005253
10482,1.2612556245016185e-06,0.3774447983626877,0.0060868667331373085
13650,0.00809283701506799,0.4553804926671283,0.03723164856130008
13351,3.952898448598879e-05,0.41201840331880074,0.014488375895455654
13693,6.887989986330492e-06,0.3976807665732747,0.010840646205781571
13700,0.00010719626255082026,0.41785701260305946,0.016839125057708963
13289,8.027572093043077e-06,0.3646520128303951,0.004064248927330527
13741,2.6881344355945e-05,0.3672875110009362,0.004805193058151554
13776,6.743404138240189e-05,0.37566383832008304,0.005487790808880467
13809,0.0017693238642487827,0.46823577416959183,0.04731791224392647
13763,1.7773288870640706e-06,0.38252253107608714,0.007671030395607031
13827,2.2801383382052957e-06,0.38063277833292236,0.007561114591047176
13822,2.0300779091491342e-05,0.39774699151358667,0.010437965170269955
6791,9.091280563107959e-07,0.3429739638195129,0.002306782213940695
13825,0.0004027259976826102,0.43450439949774206,0.02667479470799621
13878,0.0001720766277762691,0.37930295125283275,0.006629962119669813
13886,0.00015200809247383957,0.35793056856572575,0.003906662817842195
13898,1.9137650664372023e-06,0.3649305857966521,0.004529043355641814
13904,5.3270387262182246e-06,0.3876128990650905,0.008549290731568045
13835,7.423445092433613e-07,0.3707078510071532,0.004689522061173517
13628,2.319200120483913e-06,0.3526979746070714,0.0031292919005012024
3642,6.479080395440115e-06,0.3466072680364371,0.002146461498918178
9833,6.733604061335255e-05,0.4148090802429816,0.014694447202797157
13377,1.4181966659108326e-05,0.3504725875332484,0.0028866995707489914
13992,1.1352207672383558e-05,0.3668362285423265,0.004470323863680318
13832,5.0784534351358815e-05,0.35109079583111685,0.0027170074666970447
10930,2.193463691301262e-05,0.40075011477165906,0.012399451792642818
14013,1.5506956885162117e-05,0.33735461638970166,0.0016635710567945502
6698,0.0002395349924474129,0.41444919035902966,0.01649979150144474
13972,0.0045496134729156035,0.4381711032909719,0.027843087886447362
13753,2.3969548339378878e-05,0.4169088294709527,0.01851432897844213
14082,5.106843225395788e-07,0.3862964069285279,0.008631684305674372
14094,0.0003915355167863185,0.383197606937123,0.008406388783550179
5152,1.518257652697201e-06,0.35011297039564465,0.003089016829104154
14105,8.655931736872773e-06,0.38117948995197704,0.007309578799016766
14024,2.8366294114977404e-06,0.3984769242641121,0.010754201954722264
15629,0.0017734573877574553,0.4337941670975459,0.024733010015418305
14157,2.3952318841483425e-05,0.37566383832008304,0.005280114766403153
13363,4.270210961631861e-06,0.39761456368221876,0.010332279459921682
14167,0.00043498556488914656,0.40169369055484155,0.01491089192732349
14102,4.84790041639242e-05,0.3646520128303951,0.004957269742403161
14124,6.115259166078503e-06,0.3738996061426249,0.006233917997355551
8776,2.8054040202656535e-05,0.3906559836504887,0.008645966535752102
12640,1.3397660557285157e-05,0.3423839856707408,0.002048511557275939
14181,1.6772555923463413e-07,0.3583601926540267,0.004458889001530948
14233,4.3663022015065976e-07,0.37678982237562514,0.007576740182958208
14230,4.903006473644021e-05,0.3476667662356751,0.002292025528126028
14114,7.557651238320398e-06,0.3751328229996997,0.005535391696728338
14324,2.3952289479296152e-05,0.37525069662829347,0.005492492670431201
14340,4.089017568607081e-06,0.33330598437609377,0.0019414497310045506
13707,3.344531584923985e-05,0.3861090662850126,0.00964041352369413
13774,7.069208764142468e-07,0.33541225727272683,0.0011381764938549505
12914,0.00016513212368912718,0.4030493898142234,0.013772747460769291
14371,2.667762979120468e-06,0.37042039144526795,0.005853976594394472
14379,7.12618513581825e-05,0.4060643801494539,0.015325803878111057
14385,1.3247330912479546e-06,0.3676267021762487,0.005046076081229755
11540,0.003226454967234288,0.4517629438318683,0.037135461485849695
14312,7.365371536880823e-07,0.37116871546838975,0.005431019063086982
7352,4.0051388119753086e-05,0.353637945519557,0.0024328760508329134
10083,3.61443587023869e-06,0.3293533761774804,0.001401320579913106
14436,1.358984831307643e-06,0.39206675706485355,0.0077295105648870115
5031,5.27381356301745e-06,0.381849829582588,0.007429313734703087
14450,0.0015780111345613417,0.42981297175437966,0.021688570260184458
14462,2.5734799853864016e-07,0.3570744033546252,0.004186516625337946
14464,1.0167628929063166e-06,0.3633207611863535,0.004372306971025952
14449,3.7456874569427517e-06,0.38767581302371174,0.008108127426999135
14493,0.0005982783709412504,0.39420212642995345,0.010797202939490427
14497,0.0022866592260248754,0.4301225795136121,0.024722860851775583
9481,5.340634697701496e-06,0.3862964069285279,0.007320836639493966
14510,0.0001174602818767653,0.40654820153856813,0.014911962580982246
14517,5.5566299687915254e-05,0.38026917434152013,0.005747930783038055
14302,0.0002909001940983078,0.3976807665732747,0.011564009145285896
14515,5.540399891215307e-06,0.373431939343197,0.004992004405560976
4814,2.7358555225588838e-05,0.3753686443562923,0.005232483253908089
14551,0.00013523323928465035,0.38461685733318646,0.008001769879724036
14552,1.2621454012175943e-05,0.3968218448312158,0.00995640109473069
14566,4.708195981288711e-06,0.35916852391565235,0.00357997801201181
14454,4.643096117064967e-05,0.3829518492927831,0.005843591058248654
14175,2.08976820941835e-05,0.36751356886276165,0.004717438640391316
44243,4.993836878404038e-06,0.38799068941505654,0.008216011261835311
14639,5.4456964447287605e-05,0.3948538079085945,0.009260397837565272
14653,0.00010807583807069556,0.39033676810575063,0.008940815767974276
1281,4.0809462213458116e-05,0.3383102951896725,0.001363486908921351
14163,2.0809054934044337e-05,0.37384108374379216,0.0058425032112107665
9947,0.0003590499367960527,0.43363665287565145,0.02845355704948753
14694,1.7508186540068256e-05,0.37472084782539816,0.0063891814239173264
11025,7.02186751678566e-05,0.38099707832813656,0.007536236112127086
14579,1.0698247876760187e-05,0.40738029746530585,0.014046721764589577
14740,0.00022193780994557885,0.38836921691692483,0.008270337302819496
14008,0.0,0.3653994808787519,0.005665594341189941
14771,1.0154945127689918e-05,0.3356479319897538,0.0013470206881620065
14361,1.3797530398144828e-05,0.3596552754162156,0.0036258630985977884
14806,1.9328895673580905e-05,0.3861090662850126,0.008428054142182432
13694,5.545173572203504e-05,0.40230262490131175,0.012398257803354093
14812,5.2039305125574375e-06,0.3639297095899875,0.00508072180398449
14830,0.0052639276363245354,0.4499756375356232,0.033976336507800006
5496,9.893856585847563e-07,0.31935695735246533,0.0008119194737624513
11259,7.682176890734614e-06,0.32189631860365064,0.0008473715540399767
9269,0.00011038429203866589,0.37128411068538597,0.00806712978152167
14689,5.827027061355915e-05,0.3953112684606236,0.010770640966120697
11398,1.3292430831269392e-05,0.3953112684606236,0.011250846609299855
14901,0.0006381695573486175,0.39550764763025137,0.011097009488349277
14913,7.428920118436208e-05,0.35670111768803586,0.004100193078623641
14915,0.0004736474821568794,0.399543439953009,0.012366633907150947
8891,3.177282733353067e-05,0.3744858394542314,0.006352682786267715
14948,1.0686797366721941e-06,0.34837670420640143,0.002014565382831886
14251,1.4710345611419068e-05,0.40054849640098744,0.011560022602486644
12390,9.811589875423035e-06,0.35052402172572467,0.004179486761188127
14969,8.273870756299506e-05,0.41081367114535394,0.016750393630870032
15021,2.0198884343275448e-06,0.3900180738143514,0.008852034293860991
13268,0.0003010067193574606,0.38554813301680196,0.008524988565574845
15028,3.573546252567893e-06,0.38093631324387367,0.0063764923219091635
15056,4.489143366930112e-06,0.3491405765296138,0.002419805083029468
15054,5.453367680565709e-05,0.3912959836237038,0.008677679310319514
10839,0.00013347504119893587,0.396360883511299,0.010819736730485202
15129,4.465635635675005e-05,0.3806934466112668,0.008448274615827447
15139,1.4930979821842197e-06,0.3709381400899345,0.005104183470457304
35353,0.0009589762854347067,0.4593212853921323,0.04079133600511632
11145,3.636200594705926e-05,0.3769087397883995,0.006621938886086782
15155,0.00011592129068733784,0.38233883208565517,0.006626362068686336
5310,1.3246760909472415e-06,0.3683637699011548,0.005738483999387316
15293,0.00015541102815727888,0.4082855870152287,0.017853253191844946
12668,2.437148046994991e-06,0.352229860498317,0.003366143862591273
39663,3.270256702242553e-06,0.3833206040826654,0.00732027118529693
15381,3.1063831825183535e-06,0.37082295979492125,0.004769301290238027
15385,1.2230913113404471e-05,0.34223680814430263,0.0019815315184014146
15404,2.9628211340544716e-05,0.36354196104095704,0.004599481341558622
11061,1.1270304390715185e-06,0.38455493222332765,0.007162787618378339
11773,8.50629671413271e-05,0.37226787469437156,0.004669550471322515
15837,0.0006455431147081008,0.41961888335191283,0.01741360625743689
11870,8.452900502043254e-07,0.3562754600296969,0.0033013229317079397
15488,0.00027783339766349985,0.3760778907320246,0.006433323256710724
9849,1.1880519744465175e-05,0.3705928136600602,0.005634295237815476
15493,2.222023446584444e-05,0.3630998303495117,0.003854176354862425
8382,8.193099117435541e-05,0.39761456368221876,0.010599035121511452
15517,7.638156715450271e-05,0.3795440464069741,0.008185863597297866
15541,8.980721653548754e-06,0.34145399342946214,0.002068172187186047
15242,1.046145380157231e-05,0.3938770916951002,0.011816694698124705
15503,5.8077277445129845e-05,0.35109079583111685,0.0026481318218522574
15597,3.3252756352419465e-06,0.3746033067815383,0.005978789926499096
15606,7.29033460464621e-05,0.39110376355642507,0.009484753112437124
13410,4.570989559935092e-05,0.39084776371119095,0.00842935014864557
15620,4.363501177745223e-06,0.3921311252732044,0.008566623082058387
14037,9.395242186382364e-06,0.35782332345154877,0.003527224562148507
15666,1.5369561531768534e-05,0.3688757813187781,0.004879213752765934
15673,0.00012076834239392074,0.3610688864760526,0.003294612961888354
15388,1.3526232732041017e-05,0.3517629873400719,0.0027229184370451166
15642,3.557924761176408e-05,0.3449055139406625,0.0025060253300121715
15700,1.5186139316357952e-06,0.3709381400899345,0.004850799514404203
15478,3.907703371257374e-06,0.36554494705220203,0.004459642012692797
15728,8.280849699177859e-06,0.3682501825530509,0.005343657863001955
15632,3.2677508488853107e-06,0.35670111768803586,0.003555407936108104
15735,4.118768569096669e-05,0.389509243972454,0.008784760609339743
12793,2.636879819289927e-05,0.34827510703398773,0.002361666657354679
13874,2.3051178222035673e-07,0.3547936250800784,0.0033504539694115534
14490,1.7387566700897055e-07,0.37619635911782767,0.0058077520506214396
15770,5.8775284487311325e-05,0.3970857330073297,0.011274922872878746
15756,1.908726361941783e-06,0.36057830374986233,0.004005333050397256
15792,2.925028055269353e-06,0.3637080377705326,0.003984950037489116
15777,4.256043920084324e-06,0.3385500615221953,0.0015735339524589722
15819,1.4456570408909202e-05,0.3843692764787718,0.007582512689951819
15630,0.00022219925455579833,0.3852993521598787,0.008591279171461874
15852,3.6337223555533915e-06,0.3570744033546252,0.0037205982674347994
15882,6.044629018379795e-06,0.34535434991889646,0.002522713204935019
15743,7.452852523839511e-05,0.3952458520667033,0.011398369779271467
15856,2.0258715455570407e-05,0.39322862759945476,0.010599193581023637
11143,3.6804103649356264e-05,0.39642666955005607,0.010233334896236559
15933,1.114051249935554e-05,0.3661052550642379,0.004011253892737979
15934,0.0067819382587368604,0.4747506825758473,0.05430180950812413
15783,0.0,0.3475150129549088,0.0029947466434086666
15955,8.616072008714844e-08,0.30578295788491716,0.00032582567916793133
14744,1.0874354578884602e-06,0.3466072680364371,0.0022984714903640647
15980,5.3252370531499246e-05,0.3793631963213291,0.006294234094226315
16031,0.0001225597725747375,0.36014334801554404,0.004456474477354717
9890,3.388415846593671e-05,0.37325686576638345,0.005835638441964037
16033,0.00012363409149933284,0.42651262214983715,0.019075300679893104
16040,5.219214003990397e-06,0.3726744709063954,0.0047965169092925595
16046,0.0009447102756274497,0.4066174130131236,0.015195614137199371
16049,1.15091963062569e-05,0.37840156591240304,0.0056149940872569784
16048,1.6131692354921087e-05,0.3794234605304349,0.006710435668589055
16044,5.983291698017252e-07,0.37325686576638345,0.005093714035282739
15331,9.596080356364176e-06,0.3626037170243036,0.0032166860653437797
8818,1.9710074765991198e-05,0.34396179205632027,0.002734579821020867
16019,5.426610195805794e-06,0.37366562641412515,0.007014325228568932
16143,0.0001271961071866616,0.38032972675781657,0.006599183084831595
21684,0.004364598222292362,0.4384123869381586,0.02824826239548941
15887,7.862051774415896e-05,0.3627689374299951,0.0044322976344995536
16183,1.5078409318833719e-05,0.3636526620035152,0.0049309988082494255
16178,1.2600153835547437e-06,0.3672875110009362,0.003557403980943147
16323,0.0,0.4119323460121997,0.014726651439874483
16343,9.732854643190134e-07,0.35233377843916325,0.0028719111484928634
11376,1.4256633198906969e-05,0.38517508208983836,0.007525901771726445
10547,1.1394811531275133e-05,0.373490333704314,0.005422200012222411
9021,6.615819144255365e-07,0.37472084782539816,0.006367292774815397
16389,8.625999601862768e-06,0.37226787469437156,0.0060529884601315245
7949,9.993262925012965e-05,0.3739581468669309,0.005462019189545671
16007,4.141168603182196e-05,0.40510018386008956,0.0137074267150172
15684,1.4205018350097075e-05,0.37203593209331587,0.005472780795207435
15289,1.7768407797910864e-05,0.3782218026981929,0.006482934755149382
2246,5.075307102138988e-06,0.38191088647890753,0.007137513276250065
16504,3.079537502469037e-05,0.3753096612255009,0.005173425920417913
13736,2.551985511733652e-06,0.3536903130518418,0.002627408374142075
16537,0.0001520449590514744,0.4071719543196536,0.013902696144456784
16556,6.192951416970493e-06,0.38282908864226445,0.007584455999660831
16557,3.6240957558225568e-06,0.3966900322270533,0.009349612916606947
16578,1.6519997240097553e-05,0.3975483828294088,0.011373856035141175
16516,3.8994098860568334e-07,0.3523857604070652,0.003466336438155759
14319,4.547804836009118e-06,0.37255820995774264,0.005123100123583985
16280,9.076773175275747e-08,0.362824044362614,0.003315633139490831
16684,1.0284074350148776e-05,0.36337603591040435,0.004980533846929928
16518,1.787175473479054e-05,0.3705928136600602,0.004696022447265369
16751,1.6689267397860987e-05,0.33030987194566286,0.0016959625839928323
16722,1.1816629471816283e-05,0.35600993949010107,0.0026107037072113926
16767,6.326312086840255e-06,0.39860992724283845,0.01185975820313863
16793,1.0480176097886667e-06,0.36498635147296576,0.004954467701956609
16801,4.5723347290652295e-06,0.3632102621713941,0.003308675302026381
16659,0.00011363303206702701,0.3535332569625648,0.0031547477591443765
16839,1.4293689888384845e-06,0.3722098619353417,0.004874442173453671
16858,0.0003160129492280825,0.389509243972454,0.011482813931604175
16862,5.8648966590229015e-06,0.38142297732978087,0.00676912987885875
16876,4.095836454511871e-05,0.4015586220644061,0.016002155958471837
16887,2.3196474632094917e-06,0.38767581302371174,0.008341006368000226
16944,6.152583664578182e-06,0.3642071796338957,0.004354305409217227
16934,4.4316518654474383e-05,0.384678802389932,0.007620915996244479
16959,9.13180286899167e-06,0.3970857330073297,0.009589394927128382
16409,1.6894988363487896e-05,0.35072990955052685,0.0032443007978776198
16981,8.478456198598884e-06,0.39741608719452376,0.009913941178306511
16985,0.0,0.38755567508248945,0.009045974432703838
16989,2.679772014658682e-06,0.3510391951850511,0.0028688269218776767
5177,1.0807909370861904e-06,0.36404064685857157,0.004704687545362726
17009,4.541406369043422e-06,0.3718042783373425,0.005564603128811415
17036,1.9762703810145805e-05,0.34510485248361333,0.0012760209521252024
17035,4.386215189462531e-06,0.35916852391565235,0.0035681685181383894
17047,4.285635017245929e-06,0.37483846265522414,0.005366627592863025
17053,2.5067231457266146e-06,0.3583601926540267,0.003639626385662705
9025,0.004236087978609021,0.44652658142439483,0.030624731838319555
17111,1.7278688536838476e-05,0.3395125350446465,0.0015004104911666676
17073,5.154932949315597e-05,0.3695606814233464,0.004577096095258221
17064,5.791011143439417e-05,0.37990626436123553,0.006116760970037931
17121,3.1279571557509316e-06,0.3715729128872259,0.005202656542874051
16939,1.0769738281625723e-06,0.3503183754824124,0.0027325601034075353
17164,0.00031323516843982364,0.4279646450526945,0.021138660824214516
16888,3.6477471603797886e-06,0.37762382356349217,0.007064765451128814
1777,1.2886923943517291e-05,0.37525069662829347,0.006039471820202389
17017,4.84013035847725e-06,0.3434671676789025,0.0019047485425063447
17218,2.4735322580651043e-05,0.36881882088312046,0.004393714718474807
17265,0.0,0.35924908384562587,0.003971315066888895
17277,3.4538775428923104e-06,0.3299904233267598,0.0010214849542064509
17261,7.791988318391348e-05,0.3879276732238246,0.008213071657309435
17246,1.3781678207634694e-05,0.36381883991456027,0.004373158513243249
17267,1.5562594492721894e-05,0.38455493222332765,0.008336122239846864
17219,8.101040286269355e-06,0.3342388306799731,0.0013418566277722235
17326,9.181415714887846e-06,0.35563887493137103,0.003382193242896774
17314,0.0,0.3528850611025679,0.0028904498209545186
17308,0.00017284869202046946,0.35680769107246607,0.003989707076319289
17255,2.084971002522556e-05,0.3677965328055263,0.004208269876395803
17113,9.820730948724693e-06,0.34655697679034936,0.0021048557450771784
17361,5.918689041310229e-06,0.3596552754162156,0.003943747109522252
17332,7.371532996130491e-06,0.3888117668955051,0.007177545707433232
17353,6.95506196548314e-06,0.3575554916226179,0.003478492801343198
15192,0.0,0.36770395383922394,0.003977588664734875
16750,7.436802181709368e-06,0.40216714666426806,0.013586894169584772
17456,5.410085825098194e-06,0.38081484120521175,0.006343482454157892
17457,0.00031110348444085876,0.42651262214983715,0.021364384466955145
17462,1.3010506667871567e-06,0.37366562641412515,0.00688636071930255
17476,7.9696272904089e-06,0.3670617310648667,0.005206828152493797
16002,4.278930184639478e-05,0.3426787208090513,0.0021409385727899754
12402,0.00011477743881389112,0.41844265662913244,0.0180112908299632
17489,3.288285717095075e-06,0.3830132591467428,0.00788522136547418
17532,2.6800630679597387e-06,0.37560476239016954,0.006146320452638668
16857,0.0001827084480029131,0.389191898979809,0.010741347013294496
17551,8.650688745327994e-07,0.37678982237562514,0.0058969486245793856
17591,1.47988128505943e-06,0.36768329495675617,0.004644944808855959
17263,0.00010201948493948417,0.39420212642995345,0.009910921039883332
17600,4.635205683405066e-07,0.3716885596077012,0.005424910911519448
13816,8.722530550223047e-06,0.3410152318730851,0.0015880274297356068
17500,1.4440042090788604e-06,0.37762382356349217,0.005495403749105569
17614,1.7650308673691122e-07,0.36287916803997083,0.0037680647692107327
17637,1.6459851888657075e-05,0.375900327988525,0.006466735691179408
11211,4.218236048903234e-06,0.32660613756858853,0.00089020574178201
15516,5.331162645059589e-05,0.40800660813786943,0.0149962274654358
17657,3.3298542488679866e-06,0.33363188769927193,0.001140986536595552
16326,3.9571524984650036e-05,0.3659369823868681,0.004613654525657905
17787,0.0004169227705978095,0.3810578628013861,0.007612946256799494
17798,3.09732471399979e-06,0.3915525711539488,0.008877514067013115
17581,0.0001375346035149948,0.40007884154758594,0.01048561779277253
17780,1.73508277812084e-05,0.386796871909164,0.007554815941010411
17846,1.1468774930279815e-06,0.3178271036645493,0.0007844523500304312
17845,6.914290802370161e-05,0.3796043680926713,0.007773367038953253
17883,5.934073165355665e-06,0.35675439642107365,0.0026327762804618637
17847,1.3936654678189939e-05,0.3786415161761395,0.0059449791092498665
17901,0.00021191563714156755,0.3956386755075514,0.011098108406072395
17907,5.304108065712779e-05,0.3583601926540267,0.0037277710870609374
17913,9.589444036395904e-05,0.3958353801854637,0.011377640664443536
17734,4.4723235248181624e-05,0.3918094954132362,0.008237194526821237
17945,1.5353661026385298e-05,0.34832589821191307,0.0020720740757294064
17708,2.677597626428027e-06,0.34731288120388076,0.0024883157844273218
17965,9.283310838304073e-05,0.3769682266475833,0.006865484702848634
17969,4.150635610539976e-05,0.3630446396168244,0.004353009119590292
17980,9.876282391240959e-06,0.3424330729805144,0.002082588389457541
39742,3.8300295380236366e-05,0.39478854281637815,0.011987503760670776
18000,4.1774623596446464e-05,0.3829518492927831,0.007135162032206356
16702,0.00037956187152791146,0.4238634754284096,0.018365835689292852
18013,7.87440981508216e-07,0.3810578628013861,0.006784623879275742
18032,7.460922794498327e-05,0.34331905764540577,0.0019138025619606872
18048,9.35679983896219e-06,0.37906216220268024,0.006273575415651643
18060,0.017149819718651146,0.48271436621646885,0.060510811441716716
13947,0.0,0.3791345604930682,0.007723847778647553
17193,6.84542342732122e-05,0.37560476239016954,0.005285500974994572
18108,3.148043708988951e-07,0.3773851610110741,0.005300683173616856
18128,9.28732675176137e-05,0.3533763402928078,0.0037183008423153203
12019,7.8090149942743e-05,0.34944706423395583,0.002937450995156679
17806,2.500013843384618e-05,0.3758411776615402,0.005523781111189504
17294,2.6931547746023814e-05,0.3718042783373425,0.004250798672375661
18183,6.09727275022014e-05,0.38868522116177184,0.009607905614733622
18119,4.810794878228148e-06,0.35150414776145517,0.002593364923760009
7378,7.946900671819822e-05,0.3876128990650905,0.009424755713916518
18030,1.4227033012116362e-05,0.3434671676789025,0.0020295033657528063
18238,0.00031570749813101146,0.3961636563342325,0.011733054493445041
18191,9.179607585337756e-06,0.33640432169564616,0.0014320558448378063
17118,0.00010857080855675955,0.36751356886276165,0.0040579662914773705
18256,5.1556685261739706e-05,0.3790020127005852,0.007780786801654713
18263,0.0010578623229706553,0.466225001764413,0.042024690740941936
18050,0.0009059090100878526,0.41763781850657244,0.017453731481392096
18301,1.5053658765832122e-06,0.3856726439591617,0.007224240932188037
17836,0.0004693618253782618,0.39033676810575063,0.010167928695263666
18355,2.1895129829043875e-06,0.3504211684329648,0.0029662375970331317
18393,1.1718756937010254e-07,0.38203305886741645,0.0070718582969022115
1997,1.2762839134648868e-05,0.39342294252002763,0.010272587407289807
18420,1.6691209119255176e-05,0.380572129388,0.006163536633394019
17495,4.995124761783606e-07,0.33716412818168945,0.0015838593502757667
17114,6.314903885792753e-06,0.3196133659894404,0.000551761892241628
18465,1.5291897914969357e-05,0.3862339398510815,0.009130203109409143
18483,9.415650840054343e-06,0.34312177618719836,0.001745036344252517
18503,2.8804875037753145e-06,0.3918094954132362,0.009063600997624523
18496,5.531316306421962e-06,0.383074688699132,0.007663102023256406
18542,0.0,0.3598981336809387,0.003380649879102546
18571,2.9921692086942647e-05,0.3742511256720602,0.007086950788115926
18494,5.383127261614881e-05,0.3676267021762487,0.004290800463594054
10980,4.9469155180187104e-05,0.3733152053827896,0.006409715288821499
18632,7.702908185931237e-07,0.38455493222332765,0.007698083731202399
18583,9.200953380420044e-06,0.3687049527692325,0.004915319793469787
18643,2.455940624437426e-06,0.33330598437609377,0.001575928342278545
16321,5.814981662465581e-05,0.3870475909964492,0.009234179635377782
14171,2.3446983233974025e-05,0.3705928136600602,0.004754568934526203
18512,2.983324184486525e-05,0.3537426960958365,0.002734646361184822
18717,5.561693879493869e-06,0.38849555693544047,0.008098665581064111
18756,1.3427300319063775e-05,0.35093603938276346,0.0022289718189954493
18693,1.2486013654011399e-05,0.37708725671599114,0.005943244837314982
18760,0.0,0.3890062496190065,0.009316049360690568
12904,2.5762713196023565e-05,0.37619635911782767,0.00619289398781357
18814,7.92741229002601e-05,0.4032535343641884,0.01168570059459301
18086,0.00029782837019869357,0.39860992724283845,0.009850354511221312
1682,7.484190477953584e-05,0.3562754600296969,0.004420520208974993
18934,3.9451201443537425e-07,0.3317781197442823,0.001513023988495692
18939,3.982481935727218e-06,0.34949819784007724,0.0025942252371254494
18943,0.0005624071290003523,0.3874871323879117,0.009966130734283927
14735,2.8720148922660603e-06,0.36526543569950876,0.004300343812347242
17660,1.5920771791614023e-05,0.36734399939081636,0.004041238284309867
16639,1.1814757214828475e-06,0.35150414776145517,0.0027397890659763
19018,5.539772382400776e-07,0.3402379891793572,0.0020250887772833275
19075,0.00011215972040546157,0.39834401001319014,0.010717282177532329
19045,1.711895387952295e-05,0.3492426793448001,0.0021817026629622443
19048,4.575045983374452e-05,0.38020864120329323,0.0068130680023918274
18744,2.5442714935620587e-05,0.36644226511799444,0.005715118155012952
19077,4.010352215525157e-05,0.3572346222014789,0.0029352018737120083
19051,9.070339514300178e-06,0.3491916204735509,0.003418768799491783
19071,9.25617357179924e-06,0.36984680768644906,0.004774314646086433
19172,1.7758550995302947e-05,0.406340708410869,0.012555916776803455
10605,7.148934331744888e-05,0.37192006914342696,0.005565025133656616
19276,8.208376637690148e-05,0.3713995776767358,0.005760295748032982
17812,4.165950165596726e-05,0.3871103215622509,0.009046679272359862
16054,4.915239816162293e-06,0.35776972499087595,0.0038232991253462027
19334,2.4353235122519648e-05,0.3539523835268358,0.0023505586540593947
8106,4.026001448548854e-06,0.36504213419518383,0.004702930715844283
9101,1.8681624910109229e-06,0.35553299851728015,0.0030793551798432815
14214,1.1722518707520222e-05,0.3760778907320246,0.005642911769081777
19368,7.736138985751058e-05,0.3817887922057366,0.00823236569264601
19399,1.2807904239015036e-05,0.3828904591277794,0.006784472792267894
19444,6.692930892504093e-06,0.36881882088312046,0.004612896421858895
19452,1.182722315490881e-06,0.35290642494667374,0.0024733328170899057
19433,2.3812956473894815e-05,0.3677965328055263,0.004341720682553957
19520,0.00018048701326121605,0.37678982237562514,0.004963976674682615
19516,8.286464929379248e-06,0.3670053294466945,0.0046164241063112585
19379,1.8128539453351926e-05,0.3558508170499237,0.0035293661097643898
16792,3.761563852774624e-06,0.35011297039564465,0.002654328423162587
19493,2.8279845410548644e-06,0.37840156591240304,0.005072845616884822
19649,2.1752297832058526e-05,0.3642627244226152,0.0037586253566190223
19671,0.0,0.3666886645051074,0.004677610855575559
9430,5.0947674208044325e-05,0.35916852391565235,0.002693782529588396
16943,0.0002172943746657911,0.41553073835057197,0.016471004287389557
11546,0.00012969042711679643,0.38931877490449684,0.011778051168920113
19729,7.255674798385949e-06,0.34465666436350473,0.0021048175610546577
18938,4.89898373858529e-06,0.38430743106019116,0.006293855781921517
19313,2.595007542764466e-06,0.36560090066418,0.004766326889117381
19471,1.434358185315921e-05,0.35734151466772707,0.0038018438396043063
19582,1.0177268415126407e-08,0.3212036960784142,0.0008013189281951588
19783,3.2793821144076206e-05,0.3857972353479386,0.008023293757511372
12248,1.221550504447311e-06,0.3529585760365137,0.002938919850943905
19795,2.190653634664698e-05,0.3703629530220326,0.005707460205076024
15506,8.540656659969486e-06,0.3042250266257913,0.0003104930379537241
19829,5.988735405593782e-06,0.36638605369521215,0.004698949867260561
17498,0.00013260935677123666,0.3832590956417022,0.007052303360931118
19864,4.112918764724352e-05,0.4010865968159677,0.01267532371011346
19874,1.4551479228101358e-05,0.38203305886741645,0.007710352838088889
19885,0.00011859816936421649,0.40996750498439544,0.014052084497265074
19899,1.5452351420465577e-05,0.37996670124707094,0.0062519416108526805
19934,0.0,0.3743842449348152,0.00571523108901412
14547,1.3403002752948964e-06,0.38039029846139316,0.007114740071112184
20052,4.4870912147361605e-05,0.3748972977615897,0.006069520623998844
20117,4.017958179795098e-06,0.3565946079485052,0.0025683016182412714
20196,1.4985849557958454e-06,0.3682501825530509,0.004442660168504807
20233,1.44590126057704e-05,0.3498565525178099,0.002575878499107296
20264,1.8529884277322794e-06,0.3518666299409381,0.0030148227607584756
7519,9.749027108621352e-06,0.3589526125697457,0.003579628694328887
20272,1.815354788473791e-05,0.39860992724283845,0.01051510028268908
20281,7.681162607056817e-06,0.35542718512486426,0.0033304068565411893
20300,1.0190767156449842e-05,0.36442946048811226,0.004756178932392407
20302,0.005425970266472129,0.4568612632056404,0.03750289003952901
20343,0.0001478239309932253,0.42154442005631626,0.01820165242832663
19205,3.724971917878031e-05,0.35327180654327583,0.0026233519696615333
17822,8.73983794969189e-05,0.38160579709843234,0.00713272306353284
20242,5.514912383250781e-06,0.3928405730327447,0.008527561646323012
9694,2.5221720787323566e-05,0.34322038856719184,0.001832905944605377
20417,8.481431620923734e-07,0.3772659428272134,0.006113292267408467
20215,3.540554815154619e-05,0.38020864120329323,0.00750172461345418
20174,3.6036089210297048e-06,0.3901454890622489,0.0104449408644795
20431,1.850134344992266e-06,0.3401410828879362,0.0015233370810343362
20529,3.458563005700471e-07,0.3440608879341815,0.002323965994356462
29783,7.358108826882033e-05,0.40578842746161875,0.011438226557582217
20557,6.405722540968931e-05,0.37302368952664183,0.0056867860486683915
20564,6.125512524497139e-07,0.3504725875332484,0.0030543221185304354
20598,4.6799204811808535e-05,0.4016261449536048,0.010366554020656614
18589,9.759060824761031e-07,0.3795440464069741,0.006534675794513388
14875,0.0,0.375383700362562,0.005806937850613121
15915,1.0749988167072921e-05,0.38736144729793837,0.008173871987536925
20516,0.00019877999280821737,0.4090547497926165,0.0132011769655528
20692,2.8206354591961497e-06,0.37625562130420415,0.005920613501252677
20754,1.4013788560456771e-05,0.3743097765301815,0.006618354885885747
18131,6.633841029406645e-06,0.3626587737684616,0.003726522010275195
20782,5.658755942772561e-06,0.37442713341261763,0.005054369224709127
20783,1.8484030268349003e-05,0.37284899844506525,0.0048983400151006
20787,0.0017877250007599709,0.4105312279200907,0.015955655840833353
20793,8.765881562207932e-06,0.37366562641412515,0.00416793371999066
20757,3.5824843887483094e-05,0.3927759717216063,0.00940523011944195
20746,1.556101835395111e-05,0.3665547397236169,0.004974136354988531
17896,2.721818643731351e-05,0.3720938906432603,0.005922682093862546
20186,0.0001860229554089172,0.37858150008544744,0.007256399502163623
20886,4.616771875068353e-06,0.41046067778640455,0.012385672376470164
16716,2.9639353835590924e-06,0.36188949758168,0.0034205984646747418
20919,8.514813357753694e-06,0.3596011267749304,0.0033159161675742946
6710,2.0789754236699908e-05,0.35782332345154877,0.0036392213874207346
20995,1.4546422886633854e-07,0.3261601371076182,0.0008937973190071458
14006,5.4007063496991205e-06,0.3441600409278225,0.00179679142003317
21095,9.74849003170411e-06,0.3707653964667942,0.006677310114821832
21028,1.4681653660025613e-05,0.3552685830788469,0.004267011177828108
21061,2.0454698106120357e-05,0.34470640554756643,0.0019698054941410643
4690,0.00047235068540088065,0.3743097765301815,0.005411391133837145
20989,3.0028470097520115e-06,0.372383954480681,0.005702704896228354
4874,0.0004426891646236444,0.3774447983626877,0.006074401683380327
21123,0.0007231665997411691,0.43784980459011696,0.026164746480299598
21144,3.639398950516338e-07,0.3695606814233464,0.0050375742971243845
21146,6.597321223721481e-06,0.35191847414750077,0.002715939585580997
21162,9.579257340078488e-06,0.3737825796618291,0.00590514195635327
21051,0.0003643523609979617,0.3839367760872991,0.007728137316374858
20729,0.00011281902754394257,0.3751917505559359,0.006656192269365563
20997,2.9225906476937084e-05,0.346707894329959,0.0022810794713908414
21202,4.226787964574671e-06,0.3705928136600602,0.004794859511316145
19988,9.87677811302237e-06,0.3481735691019079,0.00177497397974509
21269,6.140562394870956e-06,0.37226787469437156,0.004987086602391571
12156,8.114867156163465e-06,0.36481910555049457,0.004667658883852081
21290,2.962903687878102e-06,0.3649305857966521,0.004090842451572933
21302,8.140651141338034e-06,0.3517629873400719,0.0026609395853680966
21291,7.846664246178072e-05,0.3636526620035152,0.004610610359098903
20716,4.202874315936126e-06,0.3438627532449018,0.002341953919095905
21339,2.8281133506080003e-05,0.3440113328588633,0.0019653116727199296
21349,0.00010585792048845526,0.3781619195755364,0.0065832551754299185
21369,6.610560031183151e-06,0.3411126369664507,0.0026046154074057357
21090,0.00013196395849201834,0.3695606814233464,0.004448031581634113
7333,0.0005683907338794435,0.43809073441656055,0.022858378444298236
21505,8.614520804541038e-07,0.35474093034889176,0.0031888895204462545
21163,2.2008209838220577e-08,0.35405732049200833,0.00290215913143259
21522,7.200267564329536e-05,0.39655830716239215,0.010417342869306314
6849,2.3879330319149515e-05,0.3899543973941368,0.008698958287881857
21462,1.511411735018995e-05,0.3555859288430978,0.002739661738303713
21564,0.00047544753110750925,0.3662736825700181,0.004248373493344123
21575,1.3700075929024484e-06,0.35675439642107365,0.0035787622784583008
18970,1.9164882646531107e-06,0.36025198854284884,0.004137931783145149
18974,4.637007468270681e-05,0.4006828860994947,0.010146863030427247
21700,2.4982639464536708e-05,0.38203305886741645,0.007124085063202433
21706,3.7151017004296753e-06,0.36876187803598703,0.005371453249520273
21724,0.00021773935248199772,0.41698161383363963,0.01582655263647846
21734,4.7073602489364943e-07,0.34184495263190035,0.0018459768435861177
21710,0.0,0.34173601199553894,0.002160846599080136
21816,1.3296791584298889e-05,0.3701333773499284,0.0045955371803392
21857,7.476441043486063e-06,0.43418845374279,0.02331068549028293
21254,8.254074038527302e-06,0.38855875777437576,0.00810805153846638
21902,6.913302907913381e-06,0.3680799328153934,0.005126526754994009
20062,2.591572326597535e-06,0.3729072106228084,0.004700503198212128
21946,2.824748295509441e-06,0.35405732049200833,0.0028702008276539795
22002,0.00023201889091304894,0.42620818773003,0.02201785925934125
22029,1.444517472246483e-05,0.34675822939011147,0.0020830241383091707
21907,0.000739697953297145,0.38511297711046244,0.008230454281835674
22049,6.510284746393497e-05,0.36757012681426404,0.004569440119254762
22052,6.875430457347855e-05,0.36745702831370586,0.004390281225242209
5697,1.4031875245101087e-06,0.348427525023937,0.002305936003833116
22094,1.689454302408689e-05,0.38160579709843234,0.0069373743479357
21815,0.0001521986021114457,0.37192006914342696,0.0057483951260295695
22131,1.3169008173157186e-05,0.37566383832008304,0.006843893209919976
20833,2.2220845081275106e-06,0.3353651620386251,0.001309850605216687
22146,0.0,0.3604951596906643,0.003991409348066694
7402,9.439852580730625e-05,0.3576625762262785,0.0035474985986402815
22161,8.407160751213992e-06,0.3718042783373425,0.006020773852214816
22191,1.1452371141334058e-06,0.36404064685857157,0.0039030809527643316
22202,6.7552735090534485e-06,0.35889867528761654,0.0030142513627695274
20597,1.6523771612711955e-05,0.3716885596077012,0.006286559679052325
22189,9.080012211512056e-05,0.3953112684606236,0.012213674604775099
21800,1.0388916486970455e-05,0.3501642990821123,0.002497458624912265
21965,2.48691838734985e-05,0.40599535679739723,0.01344675370179626
22247,1.6734789107348356e-05,0.3711110447543642,0.004868456109935568
22260,4.423655527606478e-05,0.3657688643245158,0.004222026961420894
22261,1.4807544329909865e-05,0.3536903130518418,0.0029954649389627415
22279,3.083524265265358e-07,0.36616138035245865,0.0043615209840852515
22295,3.060597458850776e-05,0.3376884891897481,0.0015521356450920332
20781,5.411730706446822e-05,0.37215186725445437,0.004498508918729508
22337,2.44280604928065e-06,0.37244202152488504,0.0047072942677173265
22360,5.264475936748041e-05,0.3870475909964492,0.007894899513831795
22377,1.1728151038312362e-05,0.3246086822559239,0.0009228104493839078
22388,1.991708873581562e-06,0.3148524497810556,0.0005899256233529419
22095,3.8202845800146613e-05,0.39550764763025137,0.01174194223035352
22051,0.0024663227207946453,0.44652658142439483,0.0298817670993423
22469,6.820498821626172e-06,0.3478693102299866,0.002453593278944016
22479,8.852940966937079e-06,0.3376884891897481,0.0016713650195013705
22277,2.439554956696064e-05,0.3695606814233464,0.004951154617267616
73942,0.0,0.36969430929613284,0.004756700545533173
13961,2.3906325413863537e-05,0.36381883991456027,0.004366168661553642
9164,2.2767071690219435e-05,0.386609045652167,0.009141693313067576
22650,9.779253328481135e-06,0.3300360210085792,0.000977324437117281
22512,3.4400125123357945e-06,0.33325947872737377,0.0010220875663653898
22709,6.855821696479677e-05,0.3648748371584308,0.0034765150582696225
22714,0.0006573706521890406,0.43363665287565145,0.024699962661642073
21933,3.25949824211533e-06,0.3595469944361114,0.0036421583688936252
22727,1.7111920212633407e-05,0.3827677378267769,0.005730472563890964
22606,4.5088211176066604e-06,0.3603606946347447,0.004037104918227892
11084,5.69734774937417e-05,0.40696382416750515,0.013481261499319906
22789,2.7374600061282997e-05,0.3730819562697732,0.006304661314548826
38783,2.682300160781948e-05,0.3895727750838506,0.010246245922983978
19689,2.4453745271893405e-07,0.36161554641015714,0.00357145397510741
22954,2.552136727976883e-05,0.3966241587577363,0.010516752947841358
22878,8.119883733030366e-06,0.3760778907320246,0.00621393532947539
22973,2.8220387094757136e-06,0.3403349507037743,0.0018147583671094059
22972,0.0,0.3395608023939562,0.0017501880188563377
21265,1.7810352056209134e-05,0.346707894329959,0.0014475321394218112
22989,1.1667281484071393e-05,0.36526543569950876,0.004404068521014952
37646,2.7477031721284428e-05,0.38032972675781657,0.006962904231144379
22841,4.005883250515277e-07,0.3435659787167848,0.0019815001106800005
23078,6.196014195054494e-05,0.3847407674032036,0.008860902079190722
9479,5.589396759097173e-07,0.33386506626210344,0.0013681879180594213
23204,3.744846147539701e-05,0.3897634928262219,0.008778410896274416
23141,0.001011601263227449,0.3892553266035019,0.010687592082961236
23193,2.0804912958673015e-05,0.34455722504891634,0.0019007648111324371
23194,3.8118951020373536e-07,0.34535434991889646,0.002332748007324832
36572,4.23575214351163e-05,0.3763149021646585,0.006150090986183207
19926,2.354841238880941e-05,0.36057830374986233,0.003800703572777881
20568,8.429421756312367e-05,0.3944625407166124,0.00936098017445478
23288,8.534348386659316e-06,0.35327180654327583,0.00288476551798188
23291,4.68967240526792e-05,0.3703055324091609,0.005124840645786561
20803,9.70956981277325e-07,0.3625486769943971,0.003938848050657002
23317,0.00023143086242502882,0.4213213413369356,0.0184283544130426
23388,1.4821786148876872e-06,0.37768353637556734,0.00611855343011897
23355,5.332979281021908e-06,0.3413076141810643,0.0015226906847560034
23408,0.0007476317340640989,0.40237039825456333,0.011691015481208952
23501,4.452016581097656e-06,0.3398506949401093,0.002035207591529404
8537,5.939542128389701e-07,0.3648748371584308,0.00372867350421972
23509,3.9901580074855084e-06,0.36161554641015714,0.004125751594598672
22338,2.9840902278147167e-06,0.36938921806976305,0.004153178154885253
23736,2.6536904272989575e-05,0.3558508170499237,0.0024917161798716607
23758,0.00014484243636587654,0.39629511930298456,0.009344888080657095
23661,4.382705041527173e-06,0.3659369823868681,0.004168816274765526
23850,9.735722361331192e-06,0.38203305886741645,0.007107742465082119
23860,2.930118686088146e-05,0.3839367760872991,0.006926675009975576
23935,0.0,0.362737997558239,0.003757919730324766
23981,6.476989427739801e-06,0.3876128990650905,0.007070015247803695
23993,1.613422872786578e-05,0.36145137470325184,0.003907560481448497
23998,2.8212333930821454e-06,0.35321956285700795,0.0029038368551841283
24057,2.2765270241356844e-06,0.3568610016493483,0.0028963786098815127
22758,0.0004794546913676761,0.3656568714083111,0.004247902925674204
23980,2.2182749951474054e-06,0.39168099115104754,0.00823939036404073
19546,9.819247495268532e-07,0.3856726439591617,0.007982721960778804
22980,1.7456403185641605e-05,0.35072990955052685,0.0026457841488322638
24196,1.5820458939766305e-06,0.3210310059192323,0.000609733637770807
22741,3.328024169078154e-07,0.36554494705220203,0.00490669727507408
24165,1.6656357634802707e-05,0.34706054693971056,0.0022248147828563655
24021,2.9884163930297705e-05,0.38142297732978087,0.007740633565729515
3773,1.4911310886714895e-06,0.3798458466983282,0.007412161311383692
24309,3.867795336611167e-06,0.34726238500132134,0.0020957068729789423
24409,4.218715206374508e-07,0.34455722504891634,0.0021699985115533615
24417,6.563077884015808e-06,0.38536151726993995,0.007081765369477903
21059,3.988293530500313e-06,0.3593306279583403,0.003262756657942038
21574,3.932546102840656e-05,0.3778030186711623,0.006527959200028391
24478,7.981664291435897e-06,0.3637080377705326,0.0049031160645779115
24492,2.364032515926558e-06,0.35052402172572467,0.002698750163253297
24502,8.880419222077047e-06,0.3700186962105481,0.0051913590676505705
24527,2.5591122998512562e-05,0.3736071772312041,0.004627910872946824
24611,6.348303448894788e-06,0.36984680768644906,0.004244575612743393
24338,9.317860177548338e-06,0.3648748371584308,0.005075144657968085
23907,1.1652233897224776e-05,0.35970944036733254,0.004796414368209635
20507,0.00041382574325217155,0.32025619255015925,0.0006771400610324811
24644,4.634053480782471e-06,0.3651537508086054,0.0039281590531801925
24386,8.226320666331432e-06,0.34847836067100785,0.002316759827187573
24707,8.960400195317016e-07,0.3679665204189012,0.0040811502458724
24713,2.2961523467902833e-05,0.38536151726993995,0.009172980340375893
24525,2.7485411098860434e-05,0.33260975964894696,0.0014474105828806711
19860,3.0361177714914775e-05,0.3684774273432718,0.004502384277082737
24864,1.3001346690783239e-05,0.39420212642995345,0.009449961592048622
24891,1.6147114849255848e-05,0.35654137692776355,0.0032090883355973083
24953,3.603934683722302e-05,0.3442592510866371,0.0018833027549875591
21596,5.797364148967248e-07,0.3670617310648667,0.00474475310018425
24965,0.00012664824044443374,0.41495321126460877,0.017342933802527567
25005,2.3852463441522918e-05,0.3632655032759069,0.003878896950812016
25054,9.04937599326959e-05,0.39168099115104754,0.009254008905633776
25080,7.447130308196099e-05,0.37082295979492125,0.005230506082242661
24848,3.62276792988601e-06,0.3384061609576492,0.0013326232879235758
25091,1.3541246949642112e-06,0.3586292318377009,0.002475621518396091
13762,3.8374768608907594e-05,0.37673039180427254,0.005274636800960364
18739,0.00011530647517375014,0.38381338326194564,0.007287528082331283
25235,4.12170215668328e-06,0.35405732049200833,0.002975355657469769
25256,5.716622135975297e-08,0.3410152318730851,0.001438076157467207
25272,3.1346384191757714e-06,0.35191847414750077,0.002754603504434184
25326,3.9427219263167024e-05,0.3927759717216063,0.0097456342144814
22971,0.00034800780328158047,0.4125165257407751,0.015000819275435437
25356,1.2169182443444487e-05,0.3583601926540267,0.003593354762897867
25402,8.301239560704915e-07,0.33630958660082905,0.0016190543696333998
17083,2.9536598555397063e-05,0.37501502340070464,0.007490111592335507
25442,2.8238313588612505e-05,0.3769087397883995,0.006465060016969793
20443,8.02038514264125e-07,0.35782332345154877,0.002521467920742162
50973,6.145872708057072e-05,0.3939420557544265,0.010591304881225219
9970,1.09172557009257e-05,0.36864804507471644,0.004361584032543233
25248,9.119867845632446e-06,0.3548990615214098,0.002752119500739882
25355,3.447530405591334e-05,0.366723581151403,0.004295841755321097
25232,1.3758156879474044e-05,0.3706503234076797,0.005636813353570396
25510,0.004129710535159902,0.4587919101112347,0.03750577132794587
25309,4.989134811257968e-05,0.362824044362614,0.004800592504525297
25619,2.467966344885221e-05,0.3833206040826654,0.0075407200504856295
22019,2.88876718930634e-06,0.35553299851728015,0.00336437741608126
25696,1.1347235622429907e-06,0.353428630369797,0.0033485301921190405
1190,2.1603901020025283e-05,0.4062024972855591,0.012832896197110713
25762,1.5431811951324066e-05,0.39459287692699285,0.008998227308176619
25854,0.000166800167039217,0.40427736696667027,0.015698526102363965
25494,7.060058319369877e-06,0.33256344807004845,0.0013447454657827425
25889,0.0,0.3953760178479647,0.009434933372806258
24637,5.145155946797967e-06,0.3713995776767358,0.006359406197805802
25947,1.5727998013637922e-05,0.3770277322871488,0.005854892705397407
26013,0.00011902372764355339,0.3538999383670304,0.002972979866971211
26039,9.955118967165959e-05,0.36381883991456027,0.004498557769944475
23542,3.154977156578311e-05,0.38511297711046244,0.006602548053952158
26077,3.8233003449137065e-05,0.3989428234573389,0.010087016372423614
26080,2.0393872796786776e-06,0.39187377916966165,0.009430809071137563
25028,4.075904103468897e-06,0.3629343084696988,0.0041564430351522415
26145,3.458949185836091e-05,0.3745445639076506,0.005621371981066304
26178,2.428046806176444e-06,0.3868595212243421,0.008131294845650585
24854,1.4215804103266155e-05,0.36128735199502165,0.003517842308983724
26503,1.0056682048465688e-05,0.3714573381087229,0.0054917659301655306
26528,2.9105539654269414e-06,0.35150414776145517,0.002364325686847903
26522,3.96815109514273e-06,0.3777432680751365,0.006786175207848012
26327,6.3035037050037905e-06,0.36599305608934846,0.0038125726802921687
26935,0.00023398478608494108,0.3760186845149697,0.006401441406643899
26672,8.384851534114835e-06,0.3373069741617128,0.0012171277083297398
26659,1.6325602065106985e-05,0.3616703034583719,0.0027957449432019837
26250,3.4782736551448346e-05,0.3729072106228084,0.006228083956836346
26691,8.333499187085707e-07,0.3456542234499404,0.0020646709936177512
26798,7.058261780610898e-06,0.3618346741462033,0.003583057460702561
26608,1.9853835741284474e-05,0.36041507228596464,0.003896587833076618
26459,1.0754822462593408e-05,0.298558835504886,0.00023034921330379824
19078,6.227298590235815e-07,0.3619991943072276,0.004112057158651048
27056,1.3853010865546775e-05,0.3556918367891419,0.002944861328999801
27041,7.554309710335914e-05,0.3738996061426249,0.005791407051100947
25485,7.65537792757899e-07,0.3087874187510133,0.00033934839034909723
19294,1.9848333562691906e-05,0.3607416831353403,0.0033540957748412737
27249,0.0002660446056063876,0.366667283395623,0.00494461620533556
27261,2.027959268001643e-05,0.36560090066418,0.004315674035728888
26543,0.00012566321399184384,0.37314024121841716,0.005204962822623415
26674,1.6254845348901894e-06,0.33807086822917026,0.0014328345940509643
27365,0.0,0.369522863488761,0.005341761387463999
27398,4.26367305777639e-06,0.37673039180427254,0.006801301617505569
27203,5.785249684207489e-06,0.3610143113722926,0.003011537831106795
27603,4.258864052906209e-06,0.36745702831370586,0.004060887381382542
27714,1.7196666481739907e-05,0.3626037170243036,0.003536312006845195
27742,2.122788346292855e-06,0.36802321787967457,0.004692212171305771
27013,7.652446079938217e-06,0.2809634965344181,0.00010396160000277513
27701,0.0,0.3475492009172427,0.0024549278651817474
27816,0.00010494853069987502,0.3777432680751365,0.00731446145024687
27831,1.60377311571145e-05,0.3472119034800244,0.00241599093885521
27941,1.3878321911419122e-06,0.32549341564991663,0.0007055114013266171
27968,2.7245153647292854e-06,0.3788817709452868,0.006257660005449693
28016,1.3578098763478054e-07,0.3701333773499284,0.004327056487246318
28037,9.962505354817978e-07,0.3505754710170392,0.00258115773871092
22073,1.8369231860113913e-05,0.3701907445813838,0.005197937146274936
27933,0.00016091631386704717,0.4080763171090189,0.013314640926744418
27832,0.00010114156197255581,0.3733735632388757,0.005189041054857937
28172,2.486013203762562e-05,0.2896871660447651,0.00020466215626676321
22781,6.018689925770961e-06,0.353637945519557,0.0032355015882569674
29283,1.3686359106148874e-06,0.28738667838275633,0.00017521477830508968
29349,3.2227987819759658e-06,0.3700760278957372,0.004794735755205006
28090,5.3368762123328825e-06,0.2990447832777123,0.00026495937661019176
13923,3.639589228977512e-05,0.3668925781934083,0.004988726444244963
29446,0.0,0.3534067717192187,0.0025177780496308208
22217,1.0289386355224345e-06,0.36504213419518383,0.0046576209574734646
44949,7.918125914088076e-06,0.3421877770829639,0.0017355459191755178
29587,5.885473338940114e-07,0.3374976238574379,0.0014704581528825402
29591,2.723239730925059e-06,0.3600890523200796,0.003850344953289054
10243,5.1703551733343396e-06,0.39123188927749186,0.008838015498298863
29720,1.7490039296490537e-06,0.31689938755991615,0.0005035191626031933
29956,2.7923527562501524e-05,0.3428754929714453,0.0027443126276419545
30180,0.0,0.0,3.964833946320422e-14
30259,2.4995887979957915e-06,0.35358559349209295,0.0031575445879071544
15199,0.0,0.3574227577614825,0.0031499202661473343
22379,2.1133164870655512e-07,0.3362622390594239,0.0013170811038296481
